basis,N,nSNP,method,secs,peakGB
first,1000,20,CF-MINQUE1-RIDGE,0.8,1.14
first,1000,20,GMM,5.8,2.86
first,1000,20,NUM-MINQUE-LASSO,6.7,3.08
first,1000,100,CF-MINQUE1-RIDGE,0.8,1.16
first,1000,100,GMM,5.9,2.89
first,1000,100,NUM-MINQUE-LASSO,7.0,2.87
first,1000,500,CF-MINQUE1-RIDGE,0.9,1.27
first,1000,500,GMM,6.3,2.97
first,1000,500,NUM-MINQUE-LASSO,7.0,2.96
first,1000,1000,CF-MINQUE1-RIDGE,1.0,1.44
first,1000,1000,GMM,5.6,3.25
first,1000,1000,NUM-MINQUE-LASSO,6.5,3.64
first,5000,20,CF-MINQUE1-RIDGE,43.8,24.73
first,5000,20,GMM,313.8,66.95
first,5000,20,NUM-MINQUE-LASSO,278.8,66.85
first,5000,100,CF-MINQUE1-RIDGE,35.4,24.83
first,5000,100,GMM,207.1,67.04
first,5000,100,NUM-MINQUE-LASSO,192.9,66.93
first,5000,500,CF-MINQUE1-RIDGE,34.0,25.31
first,5000,500,GMM,197.0,67.45
first,5000,500,NUM-MINQUE-LASSO,182.8,67.35
first,5000,1000,CF-MINQUE1-RIDGE,45.2,25.94
first,5000,1000,GMM,318.6,67.97
first,5000,1000,NUM-MINQUE-LASSO,302.6,72.53
first,10000,20,CF-MINQUE1-RIDGE,136.1,98.43
first,10000,20,GMM,1125.1,295.79
first,10000,20,NUM-MINQUE-LASSO,989.5,295.41
first,10000,100,CF-MINQUE1-RIDGE,133.9,98.62
first,10000,100,GMM,1097.5,295.95
first,10000,100,NUM-MINQUE-LASSO,992.3,295.59
first,10000,500,CF-MINQUE1-RIDGE,128.4,99.56
first,10000,500,GMM,1132.8,296.78
first,10000,500,NUM-MINQUE-LASSO,980.9,296.40
first,10000,1000,CF-MINQUE1-RIDGE,140.6,100.77
first,10000,1000,GMM,1093.0,297.81
first,10000,1000,NUM-MINQUE-LASSO,970.1,297.45
interaction,500,20,CF-MINQUE1-RIDGE,3.4,0.80
interaction,500,20,NUM-MINQUE-LASSO,4.5,1.27
interaction,500,100,CF-MINQUE1-RIDGE,3.0,0.69
interaction,500,100,NUM-MINQUE-LASSO,4.0,1.26
interaction,500,500,CF-MINQUE1-RIDGE,4.9,0.73
interaction,500,500,NUM-MINQUE-LASSO,6.2,1.33
interaction,500,1000,CF-MINQUE1-RIDGE,5.3,0.82
interaction,500,1000,NUM-MINQUE-LASSO,8.3,1.42
interaction,1000,20,CF-MINQUE1-RIDGE,12.0,2.66
interaction,1000,20,NUM-MINQUE-LASSO,17.5,5.11
interaction,1000,100,CF-MINQUE1-RIDGE,15.8,2.66
interaction,1000,100,NUM-MINQUE-LASSO,26.8,5.11
interaction,1000,500,CF-MINQUE1-RIDGE,12.9,2.36
interaction,1000,500,NUM-MINQUE-LASSO,17.1,4.50
interaction,1000,1000,CF-MINQUE1-RIDGE,21.0,2.88
interaction,1000,1000,NUM-MINQUE-LASSO,30.3,5.53
interaction,2000,20,CF-MINQUE1-RIDGE,50.8,10.08
interaction,2000,20,NUM-MINQUE-LASSO,77.4,19.62
interaction,2000,100,CF-MINQUE1-RIDGE,50.7,10.12
interaction,2000,100,NUM-MINQUE-LASSO,79.3,19.68
interaction,2000,500,CF-MINQUE1-RIDGE,52.5,10.24
interaction,2000,500,NUM-MINQUE-LASSO,74.5,19.91
interaction,2000,1000,CF-MINQUE1-RIDGE,49.4,10.82
interaction,2000,1000,NUM-MINQUE-LASSO,67.3,21.04
interaction,3000,20,CF-MINQUE1-RIDGE,137.8,22.31
interaction,3000,20,NUM-MINQUE-LASSO,193.3,43.54
interaction,3000,100,CF-MINQUE1-RIDGE,130.9,18.66
interaction,3000,100,NUM-MINQUE-LASSO,198.9,36.39
interaction,3000,500,CF-MINQUE1-RIDGE,170.2,22.77
interaction,3000,500,NUM-MINQUE-LASSO,275.2,44.42
interaction,3000,1000,CF-MINQUE1-RIDGE,158.2,23.97
interaction,3000,1000,NUM-MINQUE-LASSO,179.4,46.73
