"basis","N","nSNP","rep","method","secs","peakMB","cor","ok","msg"
"interaction",10000,1000,1,"NUM-MINQUE-ENET",6771.14583182335,426469.5,NA,TRUE,NA
"interaction",10000,1000,1,"BLUP",230.328250408173,30352.6,0.0210639475356415,TRUE,NA
"interaction",10000,1000,1,"LDpred2",89.1807842254639,9308,0.0268410005815537,TRUE,NA
"interaction",10000,1000,1,"hierNet",NA,NA,NA,FALSE,"infeasible: p=10000 exceeds the 32-bit .C limit"
"interaction",10000,1000,2,"NUM-MINQUE-ENET",7023.95278477669,429288.8,NA,TRUE,NA
"interaction",10000,1000,2,"BLUP",222.627386808395,32725.2,0.0429192009003297,TRUE,NA
"interaction",10000,1000,2,"LDpred2",88.1682529449463,10947,0.0458706348738787,TRUE,NA
"interaction",10000,1000,2,"hierNet",NA,NA,NA,FALSE,"infeasible: p=10000 exceeds the 32-bit .C limit"
"interaction",10000,1000,3,"NUM-MINQUE-ENET",6051.10351586342,429292.3,-0.00492278503651923,TRUE,NA
"interaction",10000,1000,3,"BLUP",214.573689460754,32730.2,0.0298949674317199,TRUE,NA
"interaction",10000,1000,3,"LDpred2",84.0017037391663,10904.2,0.0123898027412362,TRUE,NA
"interaction",10000,1000,3,"hierNet",NA,NA,NA,FALSE,"infeasible: p=10000 exceeds the 32-bit .C limit"
