"scen","R","Method","mean","se","usable","n","ret"
"cosh",2,"BLUP",0.222408175674502,0.00925197598118433,1,100,100
"hyperbola",2,"BLUP",0.223768684315025,0.00986120209410886,1,100,100
"linear",2,"BLUP",0.694930589908723,0.00342214518355984,1,100,100
"outside.region.threshold.FALSE",2,"BLUP",0.156394671724069,0.0139409087815902,1,100,100
"outside.region.threshold.TRUE",2,"BLUP",0.291713959708873,0.0132849177406671,1,100,100
"rickercurve",2,"BLUP",0.131883479535521,0.0123296010416739,1,100,100
"square",2,"BLUP",0.239918999560107,0.0106668529176364,1,100,100
"within.region.threshold.FALSE",2,"BLUP",0.290741363114752,0.0118799560989359,1,100,100
"within.region.threshold.TRUE",2,"BLUP",0.333069010052159,0.0140382673592887,1,100,100
"cosh",4,"BLUP",0.207643451237134,0.00986604902215981,1,100,93.3614290964842
"hyperbola",4,"BLUP",0.181767967552415,0.00992330855117301,1,100,81.2302973085008
"linear",4,"BLUP",0.669272529157776,0.00419477409165477,1,100,96.3078239577398
"outside.region.threshold.FALSE",4,"BLUP",0.113110860788001,0.0124915865196995,1,100,72.3239861953646
"outside.region.threshold.TRUE",4,"BLUP",0.264435902495602,0.0127695957056844,1,100,90.6490394767208
"rickercurve",4,"BLUP",0.110293225839923,0.0113299949909524,1,100,83.6292962760491
"square",4,"BLUP",0.195331816267716,0.00904618147936959,1,100,81.4157347379151
"within.region.threshold.FALSE",4,"BLUP",0.258328797935698,0.012589225780811,1,100,88.8517530385724
"within.region.threshold.TRUE",4,"BLUP",0.316558523259293,0.0132633525858309,1,100,95.0429231496859
"cosh",6,"BLUP",0.168323898616693,0.0105893825711175,1,100,75.6824240413887
"hyperbola",6,"BLUP",0.164283256389778,0.0109944401221923,1,100,73.4165537473053
"linear",6,"BLUP",0.664230108113777,0.00345176365396993,1,100,95.5822232837701
"outside.region.threshold.FALSE",6,"BLUP",0.108491900726214,0.0117362927523394,1,100,69.3705863059257
"outside.region.threshold.TRUE",6,"BLUP",0.204173445460619,0.01191348004428,1,100,69.9909752911317
"rickercurve",6,"BLUP",0.109021652787405,0.0102601787873412,1,100,82.6651322602098
"square",6,"BLUP",0.192349353029073,0.011526699287194,1,100,80.1726221690432
"within.region.threshold.FALSE",6,"BLUP",0.217692832252657,0.0121059280538186,1,100,74.8750813852159
"within.region.threshold.TRUE",6,"BLUP",0.293743170415553,0.0136815391574849,1,100,88.1928854232197
"cosh",8,"BLUP",0.150332545600399,0.0106242170096857,1,100,67.5930842670161
"hyperbola",8,"BLUP",0.165515193561474,0.0113708947331259,1,100,73.9670942196983
"linear",8,"BLUP",0.655935321841405,0.00414177462345014,1,100,94.3886096491392
"outside.region.threshold.FALSE",8,"BLUP",0.112893952843248,0.0119431475050464,1,100,72.1852935261309
"outside.region.threshold.TRUE",8,"BLUP",0.196316306562585,0.0115848947199644,1,100,67.2975358321918
"rickercurve",8,"BLUP",0.112019471494745,0.0103989175207507,1,100,84.9382135573501
"square",8,"BLUP",0.151949904991384,0.00891658750029832,1,100,63.3338356987091
"within.region.threshold.FALSE",8,"BLUP",0.228941404389197,0.0135795456560688,1,100,78.7440087425184
"within.region.threshold.TRUE",8,"BLUP",0.263677790883939,0.0124443136805579,1,100,79.1661136059
"cosh",10,"BLUP",0.131419139274487,0.0100495713596246,1,100,59.0891674174881
"hyperbola",10,"BLUP",0.148009904052643,0.0101770026202029,1,100,66.1441544002076
"linear",10,"BLUP",0.647677496435783,0.00368270992483863,1,100,93.2003146560081
"outside.region.threshold.FALSE",10,"BLUP",0.105625670566951,0.0111885021309637,1,100,67.5378958902826
"outside.region.threshold.TRUE",10,"BLUP",0.169708045091857,0.011430402921109,1,100,58.1761823332771
"rickercurve",10,"BLUP",0.0876650183847959,0.0101591472687683,1,100,66.4715692166619
"square",10,"BLUP",0.144854550969129,0.0107709782319749,1,100,60.3764400629882
"within.region.threshold.FALSE",10,"BLUP",0.171142578643463,0.0119908795839527,1,100,58.8642004047822
"within.region.threshold.TRUE",10,"BLUP",0.249166498380624,0.0133675996436289,1,100,74.8092710101142
"cosh",12,"BLUP",0.134822449979419,0.0111600482519662,1,100,60.6193767700042
"hyperbola",12,"BLUP",0.142634865239183,0.0110474794580178,1,100,63.7421030006056
"linear",12,"BLUP",0.634585572341729,0.00430363934534467,1,100,91.3163964224224
"outside.region.threshold.FALSE",12,"BLUP",0.091880463124662,0.010219281606692,1,100,58.749100664228
"outside.region.threshold.TRUE",12,"BLUP",0.166235369769088,0.0118674515125455,1,100,56.985743820758
"rickercurve",12,"BLUP",0.0782837441069859,0.00906841220027466,1,100,59.3582641151816
"square",12,"BLUP",0.1326267419969,0.0111425778913366,1,100,55.2797995323722
"within.region.threshold.FALSE",12,"BLUP",0.17806792541364,0.0112611022054908,1,100,61.2461617108669
"within.region.threshold.TRUE",12,"BLUP",0.211544783812716,0.0128216764400607,1,100,63.5137996716021
"cosh",16,"BLUP",0.108602839597609,0.00978374128344717,1,100,48.8304169881555
"hyperbola",16,"BLUP",0.116672805559529,0.0095941891685669,1,100,52.1399166807789
"linear",16,"BLUP",0.616104587710075,0.00448822825126566,1,100,88.6569963470737
"outside.region.threshold.FALSE",16,"BLUP",0.0854953210568785,0.0111002830016224,1,100,54.666389918782
"outside.region.threshold.TRUE",16,"BLUP",0.142161816407163,0.0108527080556249,1,100,48.7332922116715
"rickercurve",16,"BLUP",0.0558524318104482,0.0092136691365523,1,100,42.3498318418307
"square",16,"BLUP",0.11675477871502,0.0111928675169822,1,100,48.6642487377367
"within.region.threshold.FALSE",16,"BLUP",0.146754957308793,0.01123790153743,1,100,50.476119302939
"within.region.threshold.TRUE",16,"BLUP",0.197744125671234,0.0133727034836753,1,100,59.3703165720121
"cosh",20,"BLUP",0.0930611549044998,0.00982928839491171,1,100,41.8425062937868
"hyperbola",20,"BLUP",0.103739205167223,0.00994279920555384,1,100,46.3600192693529
"linear",20,"BLUP",0.600298687917628,0.00496135873245184,1,100,86.3825390096118
"outside.region.threshold.FALSE",20,"BLUP",0.0589967707937388,0.0109465265044083,1,100,37.7230056135342
"outside.region.threshold.TRUE",20,"BLUP",0.157759080701287,0.0101042399976067,1,100,54.0800587187287
"rickercurve",20,"BLUP",0.0600903098073015,0.00969179966789751,1,100,45.563181998938
"square",20,"BLUP",0.0976389908672627,0.00954606570237517,1,100,40.6966480546703
"within.region.threshold.FALSE",20,"BLUP",0.152583778476875,0.0100793249495807,1,100,52.480932483161
"within.region.threshold.TRUE",20,"BLUP",0.195805222569701,0.0119070025922402,1,100,58.7881840279999
"cosh",2,"CLOSEFORM-MINQUE-RIDGE",0.521348189006856,0.00915092682054069,1,100,100
"hyperbola",2,"CLOSEFORM-MINQUE-RIDGE",0.512499312477568,0.00881632038596556,1,100,100
"linear",2,"CLOSEFORM-MINQUE-RIDGE",0.69238668430998,0.00346060712751182,1,100,100
"outside.region.threshold.FALSE",2,"CLOSEFORM-MINQUE-RIDGE",0.550744636743522,0.00999850073655401,1,100,100
"outside.region.threshold.TRUE",2,"CLOSEFORM-MINQUE-RIDGE",0.549953332198642,0.0089177417300443,1,100,100
"rickercurve",2,"CLOSEFORM-MINQUE-RIDGE",0.300933667073065,0.0203313570522647,1,100,100
"square",2,"CLOSEFORM-MINQUE-RIDGE",0.541810623060874,0.00994972706254424,1,100,100
"within.region.threshold.FALSE",2,"CLOSEFORM-MINQUE-RIDGE",0.589817444590589,0.00693345032349411,1,100,100
"within.region.threshold.TRUE",2,"CLOSEFORM-MINQUE-RIDGE",0.572259339160494,0.00794759020572238,1,100,100
"cosh",4,"CLOSEFORM-MINQUE-RIDGE",0.547746465990291,0.00969076169308209,1,100,105.063463830904
"hyperbola",4,"CLOSEFORM-MINQUE-RIDGE",0.549280185491445,0.00697269244776181,1,100,107.176765337707
"linear",4,"CLOSEFORM-MINQUE-RIDGE",0.679084615656407,0.00416321053556973,1,100,98.0788092903853
"outside.region.threshold.FALSE",4,"CLOSEFORM-MINQUE-RIDGE",0.551979730694721,0.00810166441819308,1,100,100.224258915802
"outside.region.threshold.TRUE",4,"CLOSEFORM-MINQUE-RIDGE",0.542348591159759,0.00779665879275867,1,100,98.617202479985
"rickercurve",4,"CLOSEFORM-MINQUE-RIDGE",0.282245498443501,0.0169887497711717,1,100,93.789937559553
"square",4,"CLOSEFORM-MINQUE-RIDGE",0.541000272939155,0.0107396202527262,1,100,99.8504366494068
"within.region.threshold.FALSE",4,"CLOSEFORM-MINQUE-RIDGE",0.594989386989202,0.00636080277273405,1,100,100.876871724641
"within.region.threshold.TRUE",4,"CLOSEFORM-MINQUE-RIDGE",0.576803794524939,0.00761338909453358,1,100,100.794125155058
"cosh",6,"CLOSEFORM-MINQUE-RIDGE",0.51143325080518,0.0091310260644861,1,100,98.0982118264258
"hyperbola",6,"CLOSEFORM-MINQUE-RIDGE",0.539529441813022,0.00790606313849069,1,100,105.274178652998
"linear",6,"CLOSEFORM-MINQUE-RIDGE",0.680702820300365,0.00331377754677975,1,100,98.3125232945143
"outside.region.threshold.FALSE",6,"CLOSEFORM-MINQUE-RIDGE",0.546252807568472,0.00802342660443757,1,100,99.1844080041142
"outside.region.threshold.TRUE",6,"CLOSEFORM-MINQUE-RIDGE",0.514753723265535,0.0103050531324913,1,100,93.599528019517
"rickercurve",6,"CLOSEFORM-MINQUE-RIDGE",0.267326604246425,0.0193644665665763,1,100,88.8324017869091
"square",6,"CLOSEFORM-MINQUE-RIDGE",0.530967736996005,0.00931086930541775,1,100,97.9987682774445
"within.region.threshold.FALSE",6,"CLOSEFORM-MINQUE-RIDGE",0.575295458989343,0.00757511101175707,1,100,97.5378846905204
"within.region.threshold.TRUE",6,"CLOSEFORM-MINQUE-RIDGE",0.562226102827041,0.00988216180043974,1,100,98.2467326180868
"cosh",8,"CLOSEFORM-MINQUE-RIDGE",0.515135989106401,0.00982662611430039,1,100,98.8084355078917
"hyperbola",8,"CLOSEFORM-MINQUE-RIDGE",0.512766313180072,0.00859923061584527,1,100,100.052097767939
"linear",8,"CLOSEFORM-MINQUE-RIDGE",0.676001183594073,0.00390991709489399,1,100,97.6334754715514
"outside.region.threshold.FALSE",8,"CLOSEFORM-MINQUE-RIDGE",0.542322516814054,0.00833956573590562,1,100,98.470775860975
"outside.region.threshold.TRUE",8,"CLOSEFORM-MINQUE-RIDGE",0.51246446446977,0.00972045444992765,1,100,93.1832638273149
"rickercurve",8,"CLOSEFORM-MINQUE-RIDGE",0.292315945911543,0.0198078145649325,1,100,97.1363386339121
"square",8,"CLOSEFORM-MINQUE-RIDGE",0.506436416917874,0.00949163970718351,1,100,93.4711124814866
"within.region.threshold.FALSE",8,"CLOSEFORM-MINQUE-RIDGE",0.587798460117382,0.00677447366360034,1,100,99.6576933266854
"within.region.threshold.TRUE",8,"CLOSEFORM-MINQUE-RIDGE",0.554285990185469,0.00940659115757761,1,100,96.8592301173465
"cosh",10,"CLOSEFORM-MINQUE-RIDGE",0.481395432159111,0.01275098255482,1,100,92.3366460860153
"hyperbola",10,"CLOSEFORM-MINQUE-RIDGE",0.499816355818976,0.00845594888394148,1,100,97.5252734296796
"linear",10,"CLOSEFORM-MINQUE-RIDGE",0.672813719431497,0.00349101715252101,1,100,97.1731165081562
"outside.region.threshold.FALSE",10,"CLOSEFORM-MINQUE-RIDGE",0.525055847247497,0.00944114681358683,1,100,95.3356260266248
"outside.region.threshold.TRUE",10,"CLOSEFORM-MINQUE-RIDGE",0.487290559879134,0.0105748140566142,1,100,88.6058018652256
"rickercurve",10,"CLOSEFORM-MINQUE-RIDGE",0.238503361092307,0.0183832813106102,1,100,79.254462756538
"square",10,"CLOSEFORM-MINQUE-RIDGE",0.502601563214649,0.0111811478788868,1,100,92.7633275950332
"within.region.threshold.FALSE",10,"CLOSEFORM-MINQUE-RIDGE",0.550396545063896,0.00724192938790008,1,100,93.3164236005165
"within.region.threshold.TRUE",10,"CLOSEFORM-MINQUE-RIDGE",0.568147627729442,0.00912229661824696,1,100,99.2814950932765
"cosh",12,"CLOSEFORM-MINQUE-RIDGE",0.490529693210728,0.0102963228742291,1,100,94.0886922701628
"hyperbola",12,"CLOSEFORM-MINQUE-RIDGE",0.485518373706498,0.0103070643480928,1,100,94.7354195187821
"linear",12,"CLOSEFORM-MINQUE-RIDGE",0.66441668444313,0.00435041893154478,1,100,95.960349830424
"outside.region.threshold.FALSE",12,"CLOSEFORM-MINQUE-RIDGE",0.525225125850243,0.00795054404276718,1,100,95.3663623409621
"outside.region.threshold.TRUE",12,"CLOSEFORM-MINQUE-RIDGE",0.488312095487636,0.00996577386326579,1,100,88.7915513731735
"rickercurve",12,"CLOSEFORM-MINQUE-RIDGE",0.259068906564564,0.0175496470739645,1,100,86.0883759149696
"square",12,"CLOSEFORM-MINQUE-RIDGE",0.493957181842819,0.0120773866413075,1,100,91.1678658222471
"within.region.threshold.FALSE",12,"CLOSEFORM-MINQUE-RIDGE",0.549227939259885,0.00840503350241104,1,100,93.1182935155676
"within.region.threshold.TRUE",12,"CLOSEFORM-MINQUE-RIDGE",0.529317989174174,0.0101468306245666,1,100,92.4961731425275
"cosh",16,"CLOSEFORM-MINQUE-RIDGE",0.425710265370048,0.0126379430430868,1,100,81.6556524692271
"hyperbola",16,"CLOSEFORM-MINQUE-RIDGE",0.467246745959919,0.0112774861503166,1,100,91.1702190781709
"linear",16,"CLOSEFORM-MINQUE-RIDGE",0.660513461354251,0.00389586554564058,1,100,95.3966152616737
"outside.region.threshold.FALSE",16,"CLOSEFORM-MINQUE-RIDGE",0.48800698546526,0.0105874203480706,1,100,88.6085769896515
"outside.region.threshold.TRUE",16,"CLOSEFORM-MINQUE-RIDGE",0.455243338424104,0.011002667683982,1,100,82.7785398815752
"rickercurve",16,"CLOSEFORM-MINQUE-RIDGE",0.223349243805203,0.0184347398923417,1,100,74.2187625524049
"square",16,"CLOSEFORM-MINQUE-RIDGE",0.462206699696426,0.0122145871346843,1,100,85.3077957544025
"within.region.threshold.FALSE",16,"CLOSEFORM-MINQUE-RIDGE",0.539469938795438,0.00939272056858091,1,100,91.463883230836
"within.region.threshold.TRUE",16,"CLOSEFORM-MINQUE-RIDGE",0.530749913660282,0.00927548222559646,1,100,92.7463961425065
"cosh",20,"CLOSEFORM-MINQUE-RIDGE",0.412104344861567,0.0139110997309883,1,100,79.0458955360728
"hyperbola",20,"CLOSEFORM-MINQUE-RIDGE",0.438370270907601,0.0106263398521966,1,100,85.5357773629772
"linear",20,"CLOSEFORM-MINQUE-RIDGE",0.652189671658949,0.00419568854236947,1,100,94.194427252585
"outside.region.threshold.FALSE",20,"CLOSEFORM-MINQUE-RIDGE",0.465160907193846,0.0113840314878569,1,100,84.4603607843153
"outside.region.threshold.TRUE",20,"CLOSEFORM-MINQUE-RIDGE",0.436801011531668,0.00860693769952772,1,100,79.4251049967085
"rickercurve",20,"CLOSEFORM-MINQUE-RIDGE",0.188628893983038,0.018343986122061,1,100,62.6812200235607
"square",20,"CLOSEFORM-MINQUE-RIDGE",0.420218727575849,0.0128085746463947,1,100,77.5582297006081
"within.region.threshold.FALSE",20,"CLOSEFORM-MINQUE-RIDGE",0.525804286558742,0.00890115379582505,1,100,89.1469540925021
"within.region.threshold.TRUE",20,"CLOSEFORM-MINQUE-RIDGE",0.513027696472331,0.00982155928303054,1,100,89.6495105217408
"cosh",2,"GMM",0.194121722616341,0.0154601457030828,0.17,100,100
"hyperbola",2,"GMM",0.243559648891546,0.0188666112793832,0.26,100,100
"linear",2,"GMM",0.656457984224525,0.00481637243156721,1,100,100
"outside.region.threshold.FALSE",2,"GMM",0.28113115546759,0.0296240482931111,0.21,100,100
"outside.region.threshold.TRUE",2,"GMM",0.307583737600531,0.0206486469996367,0.45,100,100
"rickercurve",2,"GMM",0.154772698853768,0.0427289908591996,0.08,100,100
"square",2,"GMM",0.234308952749968,0.0186450518283698,0.27,100,100
"within.region.threshold.FALSE",2,"GMM",0.280968136705915,0.0169243784970082,0.52,100,100
"within.region.threshold.TRUE",2,"GMM",0.321119032567451,0.0169224912222853,0.6,100,100
"cosh",4,"GMM",0.248654685686213,0.023252429828934,0.26,100,128.09214874816
"hyperbola",4,"GMM",0.196647586160252,0.0186360413714656,0.34,100,80.7389840867346
"linear",4,"GMM",0.649123103105137,0.00522724412479933,1,100,98.8826579467911
"outside.region.threshold.FALSE",4,"GMM",0.221342218506737,0.0282096808451375,0.16,100,78.7327246382887
"outside.region.threshold.TRUE",4,"GMM",0.312478631821041,0.017351091305359,0.43,100,101.591402152368
"rickercurve",4,"GMM",0.215878408435439,0.0424089507428075,0.08,100,139.480935613461
"square",4,"GMM",0.22449543636903,0.0205459353131519,0.25,100,95.8117194132956
"within.region.threshold.FALSE",4,"GMM",0.269721293664629,0.0158165460593028,0.45,100,95.997110856361
"within.region.threshold.TRUE",4,"GMM",0.334011548464753,0.0180093771478405,0.52,100,104.014871306201
"cosh",6,"GMM",0.254839285254538,0.0216128001774145,0.2,100,131.278087696655
"hyperbola",6,"GMM",0.263952812302716,0.0206648089521007,0.27,100,108.372964694267
"linear",6,"GMM",0.653445769000012,0.00479803154316765,1,100,99.5411412006708
"outside.region.threshold.FALSE",6,"GMM",0.234819840065864,0.023399768519818,0.21,100,83.5267936331358
"outside.region.threshold.TRUE",6,"GMM",0.283730532863173,0.0200423427719358,0.36,100,92.2449720770555
"rickercurve",6,"GMM",0.280057891495674,0.0441226726760217,0.08,100,180.947863266427
"square",6,"GMM",0.277984747897023,0.0244638053432975,0.26,100,118.640258784163
"within.region.threshold.FALSE",6,"GMM",0.2712486555248,0.0206136231683978,0.44,100,96.540717643265
"within.region.threshold.TRUE",6,"GMM",0.320874808134341,0.0162411076585128,0.64,100,99.9239458243391
"cosh",8,"GMM",0.242156179745015,0.021058000949688,0.22,100,124.744503851127
"hyperbola",8,"GMM",0.256301795518252,0.0221281392793344,0.35,100,105.231632860655
"linear",8,"GMM",0.660277009382393,0.00517064214957344,1,100,100.581762313757
"outside.region.threshold.FALSE",8,"GMM",0.267300091573717,0.0205700673512529,0.2,100,95.0802094947932
"outside.region.threshold.TRUE",8,"GMM",0.279440065118891,0.0204647127888313,0.36,100,90.8500778678386
"rickercurve",8,"GMM",0.233705467110672,0.0203450854784337,0.1,100,150.999154787294
"square",8,"GMM",0.242748886496617,0.018781561568993,0.25,100,103.602053463
"within.region.threshold.FALSE",8,"GMM",0.32414429013176,0.0162630423863829,0.44,100,115.366921648855
"within.region.threshold.TRUE",8,"GMM",0.32325884046429,0.0179244600422905,0.51,100,100.666359723287
"cosh",10,"GMM",0.253189213022239,0.0232993137289233,0.2,100,130.428068332485
"hyperbola",10,"GMM",0.234087232542444,0.0226393984028494,0.25,100,96.1108433222778
"linear",10,"GMM",0.65745306118189,0.00460998444195653,1,100,100.151582733591
"outside.region.threshold.FALSE",10,"GMM",0.278751669965413,0.0275884533449825,0.15,100,99.1536030582527
"outside.region.threshold.TRUE",10,"GMM",0.275088081527768,0.0210957045133734,0.33,100,89.4351839514461
"rickercurve",10,"GMM",0.217500694342228,0.0431106008291746,0.09,100,140.529108785347
"square",10,"GMM",0.29171357833748,0.0287962712236294,0.15,100,124.499544261447
"within.region.threshold.FALSE",10,"GMM",0.310238023551596,0.0212645428762592,0.32,100,110.417511106007
"within.region.threshold.TRUE",10,"GMM",0.343335436367411,0.0148099837323208,0.53,100,106.918432589415
"cosh",12,"GMM",0.269302973958832,0.0261028780450163,0.2,100,138.72892241487
"hyperbola",12,"GMM",0.261896608746536,0.0253579162563664,0.26,100,107.528734722045
"linear",12,"GMM",0.656671735494889,0.00480034907595381,1,100,100.032561302551
"outside.region.threshold.FALSE",12,"GMM",0.25676705118931,0.0236326325407983,0.14,100,91.3335452850267
"outside.region.threshold.TRUE",12,"GMM",0.307617771697907,0.0253920674869034,0.29,100,100.011064985959
"rickercurve",12,"GMM",0.217486986288974,0.0380442668003228,0.07,100,140.52025189175
"square",12,"GMM",0.294227788286268,0.0268287531818099,0.21,100,125.572576221721
"within.region.threshold.FALSE",12,"GMM",0.305958004672372,0.0229582604763168,0.24,100,108.89419998276
"within.region.threshold.TRUE",12,"GMM",0.29421079025237,0.0192346325575274,0.48,100,91.6204772728852
"cosh",16,"GMM",0.210034300576911,0.0276698361146197,0.15,100,108.197216543365
"hyperbola",16,"GMM",0.237559894162081,0.0274030693674576,0.23,100,97.5366384551915
"linear",16,"GMM",0.651613886714558,0.00534443442197661,1,100,99.262085673969
"outside.region.threshold.FALSE",16,"GMM",0.265796123374062,0.0310050445911862,0.16,100,94.5452391898644
"outside.region.threshold.TRUE",16,"GMM",0.276267600263936,0.0213022059934059,0.25,100,89.8186628523039
"rickercurve",16,"GMM",0.16174065404529,0.0400301991548706,0.06,100,104.502057044379
"square",16,"GMM",0.257563436641101,0.0303861082869063,0.18,100,109.924709926022
"within.region.threshold.FALSE",16,"GMM",0.305891501922941,0.0207117275154955,0.21,100,108.870530839984
"within.region.threshold.TRUE",16,"GMM",0.341070628631824,0.0209731084599899,0.45,100,106.213146540974
"cosh",20,"GMM",0.278833255348563,0.0450387252373981,0.1,100,143.63835823755
"hyperbola",20,"GMM",0.225023735777869,0.0224460860648067,0.22,100,92.3895796376638
"linear",20,"GMM",0.661505927655164,0.00485421062285203,1,100,100.768966720178
"outside.region.threshold.FALSE",20,"GMM",0.287166267751452,0.0220888987041158,0.12,100,102.146724817399
"outside.region.threshold.TRUE",20,"GMM",0.289695217969807,0.0222987335812618,0.33,100,94.1841789912976
"rickercurve",20,"GMM",0.250775056321381,0.0598697887981644,0.07,100,162.027966287723
"square",20,"GMM",0.244163057000775,0.0176488002805449,0.21,100,104.205602959321
"within.region.threshold.FALSE",20,"GMM",0.290459514627878,0.019772097878043,0.34,100,103.378097613929
"within.region.threshold.TRUE",20,"GMM",0.352291212712801,0.0182246840650154,0.39,100,109.70735988338
"cosh",2,"LDpred2",0.229032002192643,0.0101635395223217,1,100,100
"hyperbola",2,"LDpred2",0.224819186826501,0.0098698438361338,1,100,100
"linear",2,"LDpred2",0.686906627787011,0.00364551832738612,1,100,100
"outside.region.threshold.FALSE",2,"LDpred2",0.158370135578248,0.0147682599878065,1,100,100
"outside.region.threshold.TRUE",2,"LDpred2",0.3019757266372,0.0137192654456502,1,100,100
"rickercurve",2,"LDpred2",0.132696307671215,0.0125980248424302,1,100,100
"square",2,"LDpred2",0.24136060988109,0.011322718857177,1,100,100
"within.region.threshold.FALSE",2,"LDpred2",0.293728114463787,0.0120028110314121,1,100,100
"within.region.threshold.TRUE",2,"LDpred2",0.337582203986193,0.0142066034481444,1,100,100
"cosh",4,"LDpred2",0.228829203052726,0.0115160077938773,1,100,99.9114537977336
"hyperbola",4,"LDpred2",0.194213531665877,0.0108257432713362,1,100,86.3865466321416
"linear",4,"LDpred2",0.662885879605065,0.00422673343841984,1,100,96.5030548243022
"outside.region.threshold.FALSE",4,"LDpred2",0.12301911251117,0.0133113428306235,1,100,77.6782264294952
"outside.region.threshold.TRUE",4,"LDpred2",0.287638515307312,0.0132976475016328,1,100,95.2521974234329
"rickercurve",4,"LDpred2",0.117732613711928,0.0120326985073521,1,100,88.7233531799823
"square",4,"LDpred2",0.211578512013096,0.0103898304163634,1,100,87.6607463485172
"within.region.threshold.FALSE",4,"LDpred2",0.282479417008232,0.0125998231274961,1,100,96.1703708628334
"within.region.threshold.TRUE",4,"LDpred2",0.343604928758867,0.0133426543839474,1,100,101.78407650094
"cosh",6,"LDpred2",0.205732372870491,0.0121719949676993,1,100,89.8269110433949
"hyperbola",6,"LDpred2",0.204802904720937,0.0121970128781832,1,100,91.0967198182197
"linear",6,"LDpred2",0.663341571228115,0.00356193692085832,1,100,96.5693944991017
"outside.region.threshold.FALSE",6,"LDpred2",0.130400503619913,0.0130347936437723,1,100,82.3390743108157
"outside.region.threshold.TRUE",6,"LDpred2",0.257968795721765,0.0127358142911799,1,100,85.4269972605096
"rickercurve",6,"LDpred2",0.120951977615743,0.0106732942132148,1,100,91.149467335164
"square",6,"LDpred2",0.224872002585663,0.0117975733403442,1,100,93.1684762880116
"within.region.threshold.FALSE",6,"LDpred2",0.262140569218722,0.012258328054855,1,100,89.2459918919478
"within.region.threshold.TRUE",6,"LDpred2",0.343266741446589,0.0149339845527151,1,100,101.683897253254
"cosh",8,"LDpred2",0.178952226165094,0.012118010759384,1,100,78.1341578695953
"hyperbola",8,"LDpred2",0.194263986808446,0.012564163107284,1,100,86.4089891750941
"linear",8,"LDpred2",0.662181937819801,0.00436221578648708,1,100,96.4005748427751
"outside.region.threshold.FALSE",8,"LDpred2",0.135898317548223,0.0134797837498146,1,100,85.8105709463625
"outside.region.threshold.TRUE",8,"LDpred2",0.250887558098104,0.0125940093733778,1,100,83.082028112652
"rickercurve",8,"LDpred2",0.125805733920189,0.0116977670966314,1,100,94.8072603737413
"square",8,"LDpred2",0.192820136498054,0.0109788764007502,1,100,79.8888172320454
"within.region.threshold.FALSE",8,"LDpred2",0.278180005725956,0.0150843833100411,1,100,94.7066324358448
"within.region.threshold.TRUE",8,"LDpred2",0.314974402477038,0.0134058554856287,1,100,93.3030233104113
"cosh",10,"LDpred2",0.194834733995086,0.0121675540456602,1,100,85.0687817116525
"hyperbola",10,"LDpred2",0.194298159353508,0.0113986270529792,1,100,86.4241891878442
"linear",10,"LDpred2",0.659391698109894,0.00385525075551354,1,100,95.9943712050412
"outside.region.threshold.FALSE",10,"LDpred2",0.137986301292618,0.0140824676084899,1,100,87.1289910744826
"outside.region.threshold.TRUE",10,"LDpred2",0.231159072442954,0.0125352971205758,1,100,76.5488918652967
"rickercurve",10,"LDpred2",0.101272086110055,0.011433868474656,1,100,76.3186918214636
"square",10,"LDpred2",0.193449566742045,0.012990827081945,1,100,80.149601394093
"within.region.threshold.FALSE",10,"LDpred2",0.23005154201342,0.0147062279686005,1,100,78.3212538007771
"within.region.threshold.TRUE",10,"LDpred2",0.340029426346486,0.013311975200914,1,100,100.724926353165
"cosh",12,"LDpred2",0.178537304574606,0.0131231552325662,1,100,77.9529947192424
"hyperbola",12,"LDpred2",0.181282649220554,0.0126535322454778,1,100,80.6348656355808
"linear",12,"LDpred2",0.656086660249097,0.0042817485869918,1,100,95.5132231527295
"outside.region.threshold.FALSE",12,"LDpred2",0.134759043515778,0.0136517367445022,1,100,85.0911966601153
"outside.region.threshold.TRUE",12,"LDpred2",0.235439991673039,0.0137380548119328,1,100,77.9665287322586
"rickercurve",12,"LDpred2",0.0999686882614669,0.0108140147589736,1,100,75.3364505884837
"square",12,"LDpred2",0.17920782873315,0.013871504998761,1,100,74.2489956507153
"within.region.threshold.FALSE",12,"LDpred2",0.264311865811947,0.013645662887999,1,100,89.9852117644438
"within.region.threshold.TRUE",12,"LDpred2",0.311182917299624,0.0139852669001807,1,100,92.1798938525655
"cosh",16,"LDpred2",0.179771873730179,0.0116464002841304,1,100,78.492032558389
"hyperbola",16,"LDpred2",0.167453459093416,0.0126058856134936,1,100,74.4836156811848
"linear",16,"LDpred2",0.650941447704222,0.00382857814663579,1,100,94.7641821132725
"outside.region.threshold.FALSE",16,"LDpred2",0.137589270083382,0.0144537895103027,1,100,86.878292792394
"outside.region.threshold.TRUE",16,"LDpred2",0.23162076340802,0.013490431868689,1,100,76.7017819568969
"rickercurve",16,"LDpred2",0.0801243969785491,0.0116258327528824,1,100,60.3817833251815
"square",16,"LDpred2",0.17377129651956,0.013447737765452,1,100,71.9965435143584
"within.region.threshold.FALSE",16,"LDpred2",0.229371675329745,0.0137274572855415,1,100,78.0897925785799
"within.region.threshold.TRUE",16,"LDpred2",0.293129920794602,0.0147199420586027,1,100,86.8321603844351
"cosh",20,"LDpred2",0.159221703362757,0.0138112311858789,1,100,69.5194129372511
"hyperbola",20,"LDpred2",0.168006845129863,0.0118825428861273,1,100,74.729762838044
"linear",20,"LDpred2",0.652240259083215,0.00389664468348315,1,100,94.9532633255439
"outside.region.threshold.FALSE",20,"LDpred2",0.105102564697759,0.0144496500294614,1,100,66.3651415805155
"outside.region.threshold.TRUE",20,"LDpred2",0.251775770245107,0.0145692190038472,1,100,83.3761617362032
"rickercurve",20,"LDpred2",0.0815994934354028,0.0119332234927019,1,100,61.4934167102706
"square",20,"LDpred2",0.156538706722935,0.01471907412924,1,80,64.8567745996564
"within.region.threshold.FALSE",20,"LDpred2",0.245498304755502,0.0139325849250632,1,100,83.5801180297875
"within.region.threshold.TRUE",20,"LDpred2",0.327208456388334,0.0152455763075871,1,100,96.9270454794816
"cosh",2,"NUMERICAL-MINQUE-ELASTICNET",0.40170725634625,0.0123080022790558,1,100,100
"hyperbola",2,"NUMERICAL-MINQUE-ELASTICNET",0.408966223647099,0.0111964487662851,1,100,100
"linear",2,"NUMERICAL-MINQUE-ELASTICNET",0.673048834131147,0.0039514784248272,1,100,100
"outside.region.threshold.FALSE",2,"NUMERICAL-MINQUE-ELASTICNET",0.470810951783115,0.0124338489661243,1,100,100
"outside.region.threshold.TRUE",2,"NUMERICAL-MINQUE-ELASTICNET",0.455546742850335,0.0121075465968429,1,100,100
"rickercurve",2,"NUMERICAL-MINQUE-ELASTICNET",0.284870803625683,0.0193010118748996,0.84,100,100
"square",2,"NUMERICAL-MINQUE-ELASTICNET",0.435840730711825,0.012704648298921,1,100,100
"within.region.threshold.FALSE",2,"NUMERICAL-MINQUE-ELASTICNET",0.505912679414664,0.0101090170754225,1,100,100
"within.region.threshold.TRUE",2,"NUMERICAL-MINQUE-ELASTICNET",0.478359497118144,0.0112003963395364,0.99,100,100
"cosh",4,"NUMERICAL-MINQUE-ELASTICNET",0.424377358438552,0.0133801940895999,1,100,105.643438532452
"hyperbola",4,"NUMERICAL-MINQUE-ELASTICNET",0.438741907860274,0.0105723541711091,1,100,107.280719651525
"linear",4,"NUMERICAL-MINQUE-ELASTICNET",0.663342521128913,0.00479059890318133,1,100,98.5578590274562
"outside.region.threshold.FALSE",4,"NUMERICAL-MINQUE-ELASTICNET",0.464335323892074,0.0110439944687708,1,100,98.6245800216592
"outside.region.threshold.TRUE",4,"NUMERICAL-MINQUE-ELASTICNET",0.425891520398528,0.0120324007028517,1,100,93.4901910907636
"rickercurve",4,"NUMERICAL-MINQUE-ELASTICNET",0.241454889696398,0.0178130315104117,0.84,100,84.7594371284419
"square",4,"NUMERICAL-MINQUE-ELASTICNET",0.418882641891209,0.0141751121724936,1,100,96.1091087579357
"within.region.threshold.FALSE",4,"NUMERICAL-MINQUE-ELASTICNET",0.496106068446083,0.00987954814595836,1,100,98.0616000808822
"within.region.threshold.TRUE",4,"NUMERICAL-MINQUE-ELASTICNET",0.465256966571082,0.0129486624380361,1,100,97.2609448278968
"cosh",6,"NUMERICAL-MINQUE-ELASTICNET",0.409410043039836,0.011756337995816,1,100,101.917512460105
"hyperbola",6,"NUMERICAL-MINQUE-ELASTICNET",0.426952416831846,0.0116879262051761,1,100,104.397965441828
"linear",6,"NUMERICAL-MINQUE-ELASTICNET",0.669845841451765,0.00403909241299872,1,100,99.5241069418808
"outside.region.threshold.FALSE",6,"NUMERICAL-MINQUE-ELASTICNET",0.460312699532816,0.0118741424351036,1,100,97.7701767109412
"outside.region.threshold.TRUE",6,"NUMERICAL-MINQUE-ELASTICNET",0.408993966776781,0.0134076885168758,1,100,89.78090024697
"rickercurve",6,"NUMERICAL-MINQUE-ELASTICNET",0.243769216530062,0.0212356779204534,0.84,100,85.5718499149433
"square",6,"NUMERICAL-MINQUE-ELASTICNET",0.413645341741659,0.0116526583339009,1,100,94.9074541670497
"within.region.threshold.FALSE",6,"NUMERICAL-MINQUE-ELASTICNET",0.480343053326198,0.0113747508628578,1,100,94.9458420140705
"within.region.threshold.TRUE",6,"NUMERICAL-MINQUE-ELASTICNET",0.474883390893839,0.0126891409065537,1,100,99.2733276447428
"cosh",8,"NUMERICAL-MINQUE-ELASTICNET",0.418409669499548,0.0130777467375353,1,100,104.157856969081
"hyperbola",8,"NUMERICAL-MINQUE-ELASTICNET",0.416222465077781,0.011642171298183,1,100,101.774288684765
"linear",8,"NUMERICAL-MINQUE-ELASTICNET",0.673690702922417,0.00445561439450909,1,100,100.095367343158
"outside.region.threshold.FALSE",8,"NUMERICAL-MINQUE-ELASTICNET",0.471157744739777,0.0104186210729353,1,100,100.073658642678
"outside.region.threshold.TRUE",8,"NUMERICAL-MINQUE-ELASTICNET",0.432602176040652,0.0129690913627385,1,100,94.9632903385236
"rickercurve",8,"NUMERICAL-MINQUE-ELASTICNET",0.277626812303005,0.0202759918764038,0.9,100,97.4570959078712
"square",8,"NUMERICAL-MINQUE-ELASTICNET",0.404694854089958,0.0124385329363347,1,100,92.8538398485616
"within.region.threshold.FALSE",8,"NUMERICAL-MINQUE-ELASTICNET",0.51558145708535,0.0103174767380795,1,100,101.911155435336
"within.region.threshold.TRUE",8,"NUMERICAL-MINQUE-ELASTICNET",0.480406414219319,0.0129788951929679,1,100,100.427903514722
"cosh",10,"NUMERICAL-MINQUE-ELASTICNET",0.390331903579301,0.0150840126898327,0.99,100,97.1682481241653
"hyperbola",10,"NUMERICAL-MINQUE-ELASTICNET",0.407577431638761,0.0112734964849293,1,100,99.6604140077991
"linear",10,"NUMERICAL-MINQUE-ELASTICNET",0.673373746314996,0.00396535252296158,1,100,100.048274681921
"outside.region.threshold.FALSE",10,"NUMERICAL-MINQUE-ELASTICNET",0.46496358694082,0.0108960243409376,1,100,98.7580227647318
"outside.region.threshold.TRUE",10,"NUMERICAL-MINQUE-ELASTICNET",0.405869905785049,0.0137353273110867,1,100,89.0951174945383
"rickercurve",10,"NUMERICAL-MINQUE-ELASTICNET",0.217119995299584,0.0205947825968638,0.85,100,76.2170052305105
"square",10,"NUMERICAL-MINQUE-ELASTICNET",0.426847238580909,0.0124410392794726,0.99,100,97.936518664461
"within.region.threshold.FALSE",10,"NUMERICAL-MINQUE-ELASTICNET",0.487288802610601,0.0111559039493225,1,100,96.3187566625903
"within.region.threshold.TRUE",10,"NUMERICAL-MINQUE-ELASTICNET",0.4951406834821,0.0129653051240821,1,100,103.508070073878
"cosh",12,"NUMERICAL-MINQUE-ELASTICNET",0.424014289498896,0.0127914561741249,1,100,105.553057058401
"hyperbola",12,"NUMERICAL-MINQUE-ELASTICNET",0.41702938150819,0.0111800049867738,1,100,101.971595059657
"linear",12,"NUMERICAL-MINQUE-ELASTICNET",0.672002204200711,0.00438158349057819,1,100,99.8444942064587
"outside.region.threshold.FALSE",12,"NUMERICAL-MINQUE-ELASTICNET",0.476099258641205,0.0110592183270789,1,100,101.123233611721
"outside.region.threshold.TRUE",12,"NUMERICAL-MINQUE-ELASTICNET",0.426516564959376,0.011926703796618,1,100,93.6273986486395
"rickercurve",12,"NUMERICAL-MINQUE-ELASTICNET",0.250220267266663,0.0205525755608169,0.9,100,87.8364030578049
"square",12,"NUMERICAL-MINQUE-ELASTICNET",0.42694074819668,0.0156101243653967,1,100,97.9579736614775
"within.region.threshold.FALSE",12,"NUMERICAL-MINQUE-ELASTICNET",0.484196840954465,0.0117175508533722,1,100,95.7075915777948
"within.region.threshold.TRUE",12,"NUMERICAL-MINQUE-ELASTICNET",0.462661350711822,0.0134607174902416,1,100,96.7183370454869
"cosh",16,"NUMERICAL-MINQUE-ELASTICNET",0.379931315705299,0.0139857950848142,1,100,94.5791517835612
"hyperbola",16,"NUMERICAL-MINQUE-ELASTICNET",0.413264719205887,0.0128949119727987,1,100,101.051063708991
"linear",16,"NUMERICAL-MINQUE-ELASTICNET",0.670770619485791,0.00419803352266198,1,100,99.6615082695601
"outside.region.threshold.FALSE",16,"NUMERICAL-MINQUE-ELASTICNET",0.462180030721077,0.0119821975399108,1,100,98.1667968790126
"outside.region.threshold.TRUE",16,"NUMERICAL-MINQUE-ELASTICNET",0.406224216911586,0.0133936303308854,1,100,89.172894612276
"rickercurve",16,"NUMERICAL-MINQUE-ELASTICNET",0.21467127390474,0.0216495431953493,0.89,100,75.3574150711548
"square",16,"NUMERICAL-MINQUE-ELASTICNET",0.41777778137501,0.0134067742019935,1,100,95.8556077796324
"within.region.threshold.FALSE",16,"NUMERICAL-MINQUE-ELASTICNET",0.500286872234154,0.01087744596397,1,100,98.8879884989206
"within.region.threshold.TRUE",16,"NUMERICAL-MINQUE-ELASTICNET",0.493123457681865,0.0120218489636189,1,100,103.086373460267
"cosh",20,"NUMERICAL-MINQUE-ELASTICNET",0.369865022649162,0.0156200780600135,1,100,92.0732739590738
"hyperbola",20,"NUMERICAL-MINQUE-ELASTICNET",0.418181603519703,0.0116840704669692,1,100,102.253335199769
"linear",20,"NUMERICAL-MINQUE-ELASTICNET",0.675398877714235,0.00403122431066064,1,100,100.349163903704
"outside.region.threshold.FALSE",20,"NUMERICAL-MINQUE-ELASTICNET",0.453536108855017,0.0125679540294246,1,100,96.3308323940484
"outside.region.threshold.TRUE",20,"NUMERICAL-MINQUE-ELASTICNET",0.414103894580638,0.0108325820624248,1,100,90.9026134156089
"rickercurve",20,"NUMERICAL-MINQUE-ELASTICNET",0.20830701490793,0.0203422586779774,0.9,100,73.1233289816682
"square",20,"NUMERICAL-MINQUE-ELASTICNET",0.391521842388166,0.0145587934377202,1,100,89.8314028036628
"within.region.threshold.FALSE",20,"NUMERICAL-MINQUE-ELASTICNET",0.503113301650202,0.010943240485342,1,100,99.4466677989369
"within.region.threshold.TRUE",20,"NUMERICAL-MINQUE-ELASTICNET",0.488740545046795,0.011919191436913,1,100,102.170135220726
"cosh",2,"NUMERICAL-MINQUE-LASSO",0.386375195038677,0.0131581694904728,0.98,100,100
"hyperbola",2,"NUMERICAL-MINQUE-LASSO",0.404423812791473,0.0110521602839379,1,100,100
"linear",2,"NUMERICAL-MINQUE-LASSO",0.671561973809363,0.00403225133778034,1,100,100
"outside.region.threshold.FALSE",2,"NUMERICAL-MINQUE-LASSO",0.465421022925612,0.0128348062263864,1,100,100
"outside.region.threshold.TRUE",2,"NUMERICAL-MINQUE-LASSO",0.444642591158106,0.0131003457241206,0.99,100,100
"rickercurve",2,"NUMERICAL-MINQUE-LASSO",0.27577499134582,0.0202040759612871,0.83,100,100
"square",2,"NUMERICAL-MINQUE-LASSO",0.422906758769487,0.013060867400635,1,100,100
"within.region.threshold.FALSE",2,"NUMERICAL-MINQUE-LASSO",0.504063941964338,0.010123296419587,1,100,100
"within.region.threshold.TRUE",2,"NUMERICAL-MINQUE-LASSO",0.469715286635202,0.0114586709766823,1,100,100
"cosh",4,"NUMERICAL-MINQUE-LASSO",0.414206877076862,0.0133726738082772,0.99,100,107.203278677193
"hyperbola",4,"NUMERICAL-MINQUE-LASSO",0.434628610086768,0.010901279243536,1,100,107.468600102158
"linear",4,"NUMERICAL-MINQUE-LASSO",0.661917007935178,0.00484880071227217,1,100,98.5638010711841
"outside.region.threshold.FALSE",4,"NUMERICAL-MINQUE-LASSO",0.460831112670688,0.0111463092801872,1,100,99.0138154426132
"outside.region.threshold.TRUE",4,"NUMERICAL-MINQUE-LASSO",0.416478211237564,0.0125635820261509,1,100,93.6658384777793
"rickercurve",4,"NUMERICAL-MINQUE-LASSO",0.226913036086992,0.0177754682125131,0.81,100,82.2819484027996
"square",4,"NUMERICAL-MINQUE-LASSO",0.406663924098085,0.0150903253665863,0.99,100,96.1592397533055
"within.region.threshold.FALSE",4,"NUMERICAL-MINQUE-LASSO",0.492080637015967,0.00993347080538259,1,100,97.6226617397643
"within.region.threshold.TRUE",4,"NUMERICAL-MINQUE-LASSO",0.459734252011262,0.0132868279157925,1,100,97.8750883976039
"cosh",6,"NUMERICAL-MINQUE-LASSO",0.400623153898851,0.0121899437690204,0.99,100,103.687596678857
"hyperbola",6,"NUMERICAL-MINQUE-LASSO",0.422103161260354,0.0120544644445128,0.99,100,104.371490478479
"linear",6,"NUMERICAL-MINQUE-LASSO",0.668296454393304,0.00409777045428988,1,100,99.513742656164
"outside.region.threshold.FALSE",6,"NUMERICAL-MINQUE-LASSO",0.454469932821922,0.0119949076656157,1,100,97.6470572741101
"outside.region.threshold.TRUE",6,"NUMERICAL-MINQUE-LASSO",0.403525689398849,0.0135226581333808,0.99,100,90.7528197755043
"rickercurve",6,"NUMERICAL-MINQUE-LASSO",0.22966171032401,0.0221849453798337,0.81,100,83.2786574312737
"square",6,"NUMERICAL-MINQUE-LASSO",0.400974294513459,0.0119016889311882,1,100,94.8138771014576
"within.region.threshold.FALSE",6,"NUMERICAL-MINQUE-LASSO",0.479603554181503,0.011279432571987,1,100,95.1473641047378
"within.region.threshold.TRUE",6,"NUMERICAL-MINQUE-LASSO",0.467361685588665,0.0130595207078408,1,100,99.498930285323
"cosh",8,"NUMERICAL-MINQUE-LASSO",0.404534203282658,0.0141374556101121,0.99,100,104.699838001289
"hyperbola",8,"NUMERICAL-MINQUE-LASSO",0.412780308053802,0.011882245971581,1,100,102.066271816353
"linear",8,"NUMERICAL-MINQUE-LASSO",0.672223753924756,0.00453420008211477,1,100,100.09854341687
"outside.region.threshold.FALSE",8,"NUMERICAL-MINQUE-LASSO",0.467935451962576,0.0103380574173559,1,100,100.540248272663
"outside.region.threshold.TRUE",8,"NUMERICAL-MINQUE-LASSO",0.425265835931569,0.0130605395820265,1,100,95.6421729245349
"rickercurve",8,"NUMERICAL-MINQUE-LASSO",0.27110361572242,0.0218933461939877,0.83,100,98.3060916435523
"square",8,"NUMERICAL-MINQUE-LASSO",0.402056916151633,0.0124138890451123,0.98,100,95.0698724516676
"within.region.threshold.FALSE",8,"NUMERICAL-MINQUE-LASSO",0.512273884157366,0.0103718682985348,1,100,101.628750146466
"within.region.threshold.TRUE",8,"NUMERICAL-MINQUE-LASSO",0.476831972024075,0.0131551889816718,1,100,101.515106191211
"cosh",10,"NUMERICAL-MINQUE-LASSO",0.382096457081226,0.0153313474950201,0.98,100,98.8925950701824
"hyperbola",10,"NUMERICAL-MINQUE-LASSO",0.402469540544772,0.0114697429067921,1,100,99.5167761677503
"linear",10,"NUMERICAL-MINQUE-LASSO",0.671788717220544,0.00402351167772174,1,100,100.033763586984
"outside.region.threshold.FALSE",10,"NUMERICAL-MINQUE-LASSO",0.46250273170234,0.0108173996867662,1,100,99.3729782112273
"outside.region.threshold.TRUE",10,"NUMERICAL-MINQUE-LASSO",0.396446214532055,0.0139888118120416,1,100,89.1606477686899
"rickercurve",10,"NUMERICAL-MINQUE-LASSO",0.214630133818303,0.0219655739401511,0.79,100,77.8279904101814
"square",10,"NUMERICAL-MINQUE-LASSO",0.418176301187232,0.01283654748483,0.99,100,98.8814419528268
"within.region.threshold.FALSE",10,"NUMERICAL-MINQUE-LASSO",0.485308541266682,0.0110722773772798,1,100,96.2791623966264
"within.region.threshold.TRUE",10,"NUMERICAL-MINQUE-LASSO",0.49274466815418,0.0125256737448954,1,100,104.902838416001
"cosh",12,"NUMERICAL-MINQUE-LASSO",0.41241898390277,0.0131256186649719,1,100,106.740543699107
"hyperbola",12,"NUMERICAL-MINQUE-LASSO",0.413053796973085,0.0111545161729577,1,100,102.133896152663
"linear",12,"NUMERICAL-MINQUE-LASSO",0.670163384068711,0.00448004194943266,1,100,99.7917407781864
"outside.region.threshold.FALSE",12,"NUMERICAL-MINQUE-LASSO",0.473217202052921,0.0114436884301001,1,100,101.675081000489
"outside.region.threshold.TRUE",12,"NUMERICAL-MINQUE-LASSO",0.418673261742064,0.0120470945181516,1,100,94.1595047500055
"rickercurve",12,"NUMERICAL-MINQUE-LASSO",0.244304473026387,0.0210335967283629,0.87,100,88.5883349444227
"square",12,"NUMERICAL-MINQUE-LASSO",0.425158624152757,0.0157498674824498,0.99,100,100.532473254819
"within.region.threshold.FALSE",12,"NUMERICAL-MINQUE-LASSO",0.481482208082124,0.0116720839701466,1,100,95.5200656102849
"within.region.threshold.TRUE",12,"NUMERICAL-MINQUE-LASSO",0.458623300929997,0.0135196542407263,1,100,97.6385725521811
"cosh",16,"NUMERICAL-MINQUE-LASSO",0.369825719831281,0.0151147589812887,0.98,100,95.7167345575228
"hyperbola",16,"NUMERICAL-MINQUE-LASSO",0.408431035156583,0.0131499994749188,1,100,100.990847284054
"linear",16,"NUMERICAL-MINQUE-LASSO",0.667716079380519,0.00431967161735631,1,100,99.4273209951081
"outside.region.threshold.FALSE",16,"NUMERICAL-MINQUE-LASSO",0.461617142174231,0.011505030740325,1,100,99.182701132091
"outside.region.threshold.TRUE",16,"NUMERICAL-MINQUE-LASSO",0.403186642731152,0.0134413074110882,1,100,90.676568270489
"rickercurve",16,"NUMERICAL-MINQUE-LASSO",0.234130679748487,0.0221932128694548,0.8,100,84.8991703728816
"square",16,"NUMERICAL-MINQUE-LASSO",0.413679878210925,0.0131123842163073,0.99,100,97.8182234340711
"within.region.threshold.FALSE",16,"NUMERICAL-MINQUE-LASSO",0.49857878006812,0.010873030057446,1,100,98.9118122842031
"within.region.threshold.TRUE",16,"NUMERICAL-MINQUE-LASSO",0.493938672765299,0.0111976834106088,1,100,105.157035936305
"cosh",20,"NUMERICAL-MINQUE-LASSO",0.370743606543954,0.0158372881664864,0.97,100,95.9542981290095
"hyperbola",20,"NUMERICAL-MINQUE-LASSO",0.418597510885289,0.0110483401646634,1,100,103.504664573528
"linear",20,"NUMERICAL-MINQUE-LASSO",0.673315026438931,0.00411381578685821,1,100,100.26104108004
"outside.region.threshold.FALSE",20,"NUMERICAL-MINQUE-LASSO",0.451240375938521,0.0122289082660776,1,100,96.9531571870233
"outside.region.threshold.TRUE",20,"NUMERICAL-MINQUE-LASSO",0.407611753621861,0.0112451273411326,1,100,91.6717745279878
"rickercurve",20,"NUMERICAL-MINQUE-LASSO",0.225737891817396,0.0223245266877344,0.79,100,81.8558240962184
"square",20,"NUMERICAL-MINQUE-LASSO",0.386517059100956,0.0144685042016947,1,100,91.3953374085549
"within.region.threshold.FALSE",20,"NUMERICAL-MINQUE-LASSO",0.501725647920458,0.0105399646503566,1,100,99.5361116221153
"within.region.threshold.TRUE",20,"NUMERICAL-MINQUE-LASSO",0.483126623524825,0.0121540584341988,1,100,102.855205540721
"cosh",2,"hierNet",0.475558451571669,0.00907015884173396,1,100,100
"hyperbola",2,"hierNet",0.476036481618913,0.00869671888500527,1,100,100
"linear",2,"hierNet",0.67081017320429,0.00389097681004251,1,100,100
"outside.region.threshold.FALSE",2,"hierNet",0.633980689850115,0.00605126585713488,1,100,100
"outside.region.threshold.TRUE",2,"hierNet",0.603892596305823,0.00796410330142301,1,100,100
"rickercurve",2,"hierNet",0.287921905756779,0.0194415416110847,1,100,100
"square",2,"hierNet",0.497889830784413,0.0100975365009748,1,100,100
"within.region.threshold.FALSE",2,"hierNet",0.62059138419529,0.006434497857383,1,100,100
"within.region.threshold.TRUE",2,"hierNet",0.592477361812325,0.00707472801075309,1,100,100
"cosh",4,"hierNet",0.440168671592945,0.00986857436843172,1,100,92.5582691545563
"hyperbola",4,"hierNet",0.441328212926557,0.00843641770663024,1,100,92.7089057178307
"linear",4,"hierNet",0.653329880178095,0.00436876256347408,1,100,97.3941520679843
"outside.region.threshold.FALSE",4,"hierNet",0.586085404237511,0.00603091116050362,1,100,92.4453084487593
"outside.region.threshold.TRUE",4,"hierNet",0.573049073945396,0.00655494740021096,1,100,94.8925483522888
"rickercurve",4,"hierNet",0.223676260661402,0.0154337553291184,1,100,77.6864337826213
"square",4,"hierNet",0.448270371437124,0.0104963825979811,1,100,90.0340484421797
"within.region.threshold.FALSE",4,"hierNet",0.600739891072948,0.00579990566675806,1,100,96.8011974339471
"within.region.threshold.TRUE",4,"hierNet",0.578781306931071,0.007036954360611,1,100,97.6883412322523
"cosh",6,"hierNet",0.362423686353703,0.0107361087722916,1,100,76.2101241510759
"hyperbola",6,"hierNet",0.400382546432317,0.0101869621023084,1,100,84.1075341685344
"linear",6,"hierNet",0.653765119345009,0.00379026829302457,1,100,97.4590346807263
"outside.region.threshold.FALSE",6,"hierNet",0.56366252244471,0.00609714610096471,1,100,88.9084685809548
"outside.region.threshold.TRUE",6,"hierNet",0.533026804918295,0.00799539372840575,1,100,88.2651663853748
"rickercurve",6,"hierNet",0.177673371998789,0.0160905447171368,1,100,61.7088760689428
"square",6,"hierNet",0.397991332480655,0.01135453832952,1,100,79.9356218731421
"within.region.threshold.FALSE",6,"hierNet",0.550472306285259,0.00654929309441232,1,100,88.7012485677748
"within.region.threshold.TRUE",6,"hierNet",0.544471121815905,0.010034147054423,1,100,91.8973714287454
"cosh",8,"hierNet",0.34132313351602,0.0113335859515464,1,100,71.7731190325784
"hyperbola",8,"hierNet",0.346325217392551,0.0107573639265481,1,100,72.7518227625669
"linear",8,"hierNet",0.650468161792824,0.00438024291526902,1,100,96.967545779114
"outside.region.threshold.FALSE",8,"hierNet",0.528441035853026,0.00663058208799887,1,100,83.3528598446681
"outside.region.threshold.TRUE",8,"hierNet",0.516625272910159,0.00701548147948797,1,100,85.5491979982033
"rickercurve",8,"hierNet",0.201972055526086,0.0147911163161757,1,100,70.1482073742249
"square",8,"hierNet",0.33917167143269,0.0105614321075587,1,100,68.1218314698925
"within.region.threshold.FALSE",8,"hierNet",0.557281210155863,0.00773211378191571,1,100,89.7984123447798
"within.region.threshold.TRUE",8,"hierNet",0.528531579697583,0.00910884182997219,1,100,89.2070505581616
"cosh",10,"hierNet",0.313429810249582,0.0124442402448698,1,100,65.9077363074361
"hyperbola",10,"hierNet",0.325715600767524,0.0103818166641679,1,100,68.4224031863745
"linear",10,"hierNet",0.644956525132995,0.00398451820647143,1,100,96.145906978751
"outside.region.threshold.FALSE",10,"hierNet",0.502308462535929,0.00741988354799885,1,100,79.2308773086897
"outside.region.threshold.TRUE",10,"hierNet",0.48190947212565,0.00904024019574632,1,100,79.8005266290103
"rickercurve",10,"hierNet",0.143827950163478,0.0142307965702856,1,100,49.9538059757689
"square",10,"hierNet",0.32478819222523,0.012915826244165,1,100,65.232943543662
"within.region.threshold.FALSE",10,"hierNet",0.511755061786589,0.00776046814777201,1,100,82.4624825319114
"within.region.threshold.TRUE",10,"hierNet",0.530846078422362,0.00943566496879599,1,100,89.5976981801566
"cosh",12,"hierNet",0.279039625998828,0.0116618890149686,1,100,58.6761995453203
"hyperbola",12,"hierNet",0.296199785730122,0.0113818375472958,1,100,62.2220769136854
"linear",12,"hierNet",0.641069621071898,0.0045933274587053,1,100,95.5664727041439
"outside.region.threshold.FALSE",12,"hierNet",0.494150343607469,0.00753023859466135,1,100,77.9440685684442
"outside.region.threshold.TRUE",12,"hierNet",0.467171096174551,0.00941218482503833,1,100,77.3599641777966
"rickercurve",12,"hierNet",0.148772904619553,0.0136391789041284,1,100,51.6712697592478
"square",12,"hierNet",0.307380351229425,0.0125315000089338,1,100,61.7366196745082
"within.region.threshold.FALSE",12,"hierNet",0.506889073288687,0.00787744319211255,1,100,81.6783935771138
"within.region.threshold.TRUE",12,"hierNet",0.484727499480606,0.0100959601283363,1,100,81.8136743651903
"cosh",16,"hierNet",0.242280404061945,0.0106289860377616,1,100,50.94650368661
"hyperbola",16,"hierNet",0.278536741462084,0.0108366544227076,1,100,58.5116377036548
"linear",16,"hierNet",0.627495533399,0.00432206768755177,1,100,93.5429363573325
"outside.region.threshold.FALSE",16,"hierNet",0.457974444980305,0.00828624339857351,1,100,72.2379170710356
"outside.region.threshold.TRUE",16,"hierNet",0.429701420570904,0.00964875628492409,1,100,71.1552721791103
"rickercurve",16,"hierNet",0.118449116679158,0.0132247764304082,1,100,41.1393208751602
"square",16,"hierNet",0.271370986871017,0.0133890097647477,1,100,54.5042236439092
"within.region.threshold.FALSE",16,"hierNet",0.47927118167524,0.00817704649337405,1,100,77.2281397842323
"within.region.threshold.TRUE",16,"hierNet",0.467961425550204,0.00995830560466424,1,100,78.9838491244222
"cosh",20,"hierNet",0.226247521893748,0.0120728083248247,1,100,47.5751237615533
"hyperbola",20,"hierNet",0.230595581149417,0.0104429529956966,1,100,48.440737223585
"linear",20,"hierNet",0.623903925999628,0.00442339247083134,1,100,93.0075229806665
"outside.region.threshold.FALSE",20,"hierNet",0.413422042414324,0.00905819681643711,1,100,65.210510198988
"outside.region.threshold.TRUE",20,"hierNet",0.420519276166741,0.00863720138158433,1,100,69.6347792205389
"rickercurve",20,"hierNet",0.105435226829689,0.0138693179200591,1,100,36.6193834930904
"square",20,"hierNet",0.23739102614578,0.0170381773766216,0.6,80,47.6794285538583
"within.region.threshold.FALSE",20,"hierNet",0.456198160654663,0.00941505846678366,1,100,73.5102310913012
"within.region.threshold.TRUE",20,"hierNet",0.456560710720349,0.011645532610698,1,100,77.0596043237464
