"scen","N","Method","mean","se","usable","n"
"cosh",500,"BLUP",0.118404922724274,0.0126207418502008,100,100
"hyperbola",500,"BLUP",0.0961056524530054,0.0112184755748028,100,100
"linear",500,"BLUP",0.595795505874978,0.00730713554212324,100,100
"outside.region.threshold.FALSE",500,"BLUP",0.101213364951004,0.0136050876430305,100,100
"outside.region.threshold.TRUE",500,"BLUP",0.135834460324291,0.0149941160326087,100,100
"rickercurve",500,"BLUP",0.0568090249757681,0.0118065194244245,100,100
"square",500,"BLUP",0.111778744937544,0.0116880070791881,100,100
"within.region.threshold.FALSE",500,"BLUP",0.137111020284738,0.0132164955470959,100,100
"within.region.threshold.TRUE",500,"BLUP",0.195504999209186,0.0152388596167002,100,100
"cosh",1000,"BLUP",0.140163186417638,0.00889646506330341,100,100
"hyperbola",1000,"BLUP",0.128759240930906,0.0110104685616156,100,100
"linear",1000,"BLUP",0.643414694634261,0.00423041576594543,100,100
"outside.region.threshold.FALSE",1000,"BLUP",0.095337040202798,0.0124057717360909,100,100
"outside.region.threshold.TRUE",1000,"BLUP",0.204456928328885,0.0115649093381533,100,100
"rickercurve",1000,"BLUP",0.0758576538557403,0.0104336929777296,100,100
"square",1000,"BLUP",0.139640864061191,0.00941247756602558,100,100
"within.region.threshold.FALSE",1000,"BLUP",0.196679625465286,0.0108278937729349,100,100
"within.region.threshold.TRUE",1000,"BLUP",0.259864260464473,0.0132828476560779,100,100
"cosh",2000,"BLUP",0.156352962176671,0.0077576929111188,100,100
"hyperbola",2000,"BLUP",0.185843430647051,0.00982734554042432,100,100
"linear",2000,"BLUP",0.671477087879291,0.00258750704030789,100,100
"outside.region.threshold.FALSE",2000,"BLUP",0.144975039663293,0.0118952537744904,100,100
"outside.region.threshold.TRUE",2000,"BLUP",0.234879037017797,0.0107892985593879,100,100
"rickercurve",2000,"BLUP",0.114625622802593,0.00974895777652536,100,100
"square",2000,"BLUP",0.164494459904318,0.00918156343024941,100,100
"within.region.threshold.FALSE",2000,"BLUP",0.239057030617837,0.011508781412479,100,100
"within.region.threshold.TRUE",2000,"BLUP",0.302564160803399,0.0121647150688443,100,100
"cosh",3000,"BLUP",0.215078137989744,0.00768408860208463,100,100
"hyperbola",3000,"BLUP",0.219574458377284,0.00838236976624482,100,100
"linear",3000,"BLUP",0.683449475381695,0.00195916204999472,100,100
"outside.region.threshold.FALSE",3000,"BLUP",0.166591616149139,0.0136038097877869,100,100
"outside.region.threshold.TRUE",3000,"BLUP",0.257342447729237,0.00994821891328163,92,92
"rickercurve",3000,"BLUP",0.122154871991991,0.0105153835772715,100,100
"square",3000,"BLUP",0.193169147028081,0.00882031279358195,100,100
"within.region.threshold.FALSE",3000,"BLUP",0.270752410734196,0.00921649107313169,100,100
"within.region.threshold.TRUE",3000,"BLUP",0.328849284860871,0.0115133292944742,100,100
"cosh",5000,"BLUP",0.236138126308745,0.00876985854831083,100,100
"hyperbola",5000,"BLUP",0.236483939677148,0.00830810498026496,100,100
"linear",5000,"BLUP",0.690096823833655,0.00171894141312641,100,100
"outside.region.threshold.FALSE",5000,"BLUP",0.193651699545348,0.011732776767404,100,100
"outside.region.threshold.TRUE",5000,"BLUP",0.273642363933255,0.00975130848201939,100,100
"rickercurve",5000,"BLUP",0.124229393417782,0.00836516594192446,100,100
"square",5000,"BLUP",0.24343591345639,0.00906091740189801,100,100
"within.region.threshold.FALSE",5000,"BLUP",0.298850087212415,0.00951330646766534,100,100
"within.region.threshold.TRUE",5000,"BLUP",0.32390919705642,0.01089267903855,100,100
"cosh",500,"CLOSEFORM-MINQUE-RIDGE",0.398592576439945,0.0143641609799396,100,100
"hyperbola",500,"CLOSEFORM-MINQUE-RIDGE",0.387656352408912,0.0129752654181393,100,100
"linear",500,"CLOSEFORM-MINQUE-RIDGE",0.644824689563454,0.00595865911386317,100,100
"outside.region.threshold.FALSE",500,"CLOSEFORM-MINQUE-RIDGE",0.445677435341629,0.0129732078112189,100,100
"outside.region.threshold.TRUE",500,"CLOSEFORM-MINQUE-RIDGE",0.418642858474173,0.0147586505725946,100,100
"rickercurve",500,"CLOSEFORM-MINQUE-RIDGE",0.178103362542949,0.0190265006062918,100,100
"square",500,"CLOSEFORM-MINQUE-RIDGE",0.407454617766587,0.0136216360750928,100,100
"within.region.threshold.FALSE",500,"CLOSEFORM-MINQUE-RIDGE",0.494002050248658,0.0103835189932061,100,100
"within.region.threshold.TRUE",500,"CLOSEFORM-MINQUE-RIDGE",0.479374715327952,0.0129551697890258,100,100
"cosh",1000,"CLOSEFORM-MINQUE-RIDGE",0.473681414348305,0.0111331028203482,100,100
"hyperbola",1000,"CLOSEFORM-MINQUE-RIDGE",0.50627232343464,0.00799155480738529,100,100
"linear",1000,"CLOSEFORM-MINQUE-RIDGE",0.667249869768726,0.00392855795020428,100,100
"outside.region.threshold.FALSE",1000,"CLOSEFORM-MINQUE-RIDGE",0.531844123685056,0.00903024068432584,100,100
"outside.region.threshold.TRUE",1000,"CLOSEFORM-MINQUE-RIDGE",0.503491337842114,0.0100952877050068,100,100
"rickercurve",1000,"CLOSEFORM-MINQUE-RIDGE",0.240824069560872,0.0171386629733885,100,100
"square",1000,"CLOSEFORM-MINQUE-RIDGE",0.498589819446529,0.0105305816094096,100,100
"within.region.threshold.FALSE",1000,"CLOSEFORM-MINQUE-RIDGE",0.562360126601356,0.00772723978082071,100,100
"within.region.threshold.TRUE",1000,"CLOSEFORM-MINQUE-RIDGE",0.551422376954127,0.00826497583949564,100,100
"cosh",2000,"CLOSEFORM-MINQUE-RIDGE",0.568774708988834,0.00707541506811662,100,100
"hyperbola",2000,"CLOSEFORM-MINQUE-RIDGE",0.577413140348964,0.00596909160071802,100,100
"linear",2000,"CLOSEFORM-MINQUE-RIDGE",0.683367975811037,0.00268208628956345,100,100
"outside.region.threshold.FALSE",2000,"CLOSEFORM-MINQUE-RIDGE",0.593995677625153,0.0046622615141254,100,100
"outside.region.threshold.TRUE",2000,"CLOSEFORM-MINQUE-RIDGE",0.564696911162852,0.0067190160084864,100,100
"rickercurve",2000,"CLOSEFORM-MINQUE-RIDGE",0.295444946611365,0.019259686149318,100,100
"square",2000,"CLOSEFORM-MINQUE-RIDGE",0.579341785326218,0.00671332081742557,100,100
"within.region.threshold.FALSE",2000,"CLOSEFORM-MINQUE-RIDGE",0.620708470517181,0.0045656985874052,100,100
"within.region.threshold.TRUE",2000,"CLOSEFORM-MINQUE-RIDGE",0.600843356785252,0.00639267889359161,100,100
"cosh",3000,"CLOSEFORM-MINQUE-RIDGE",0.604064977289689,0.00504253511443233,100,100
"hyperbola",3000,"CLOSEFORM-MINQUE-RIDGE",0.599401894899839,0.00462918532680318,100,100
"linear",3000,"CLOSEFORM-MINQUE-RIDGE",0.689713303357663,0.00208200254828489,100,100
"outside.region.threshold.FALSE",3000,"CLOSEFORM-MINQUE-RIDGE",0.614961758123725,0.00414835339574463,100,100
"outside.region.threshold.TRUE",3000,"CLOSEFORM-MINQUE-RIDGE",0.594147339250468,0.00519271006503561,93,93
"rickercurve",3000,"CLOSEFORM-MINQUE-RIDGE",0.36381070843798,0.0190669611715048,100,100
"square",3000,"CLOSEFORM-MINQUE-RIDGE",0.608979328201838,0.00479147899132655,100,100
"within.region.threshold.FALSE",3000,"CLOSEFORM-MINQUE-RIDGE",0.63186335799635,0.00361953852914162,100,100
"within.region.threshold.TRUE",3000,"CLOSEFORM-MINQUE-RIDGE",0.620868596327939,0.00509871165688184,100,100
"cosh",5000,"CLOSEFORM-MINQUE-RIDGE",0.623640782748813,0.00406845991367056,100,100
"hyperbola",5000,"CLOSEFORM-MINQUE-RIDGE",0.624560508669078,0.0035987763218446,100,100
"linear",5000,"CLOSEFORM-MINQUE-RIDGE",0.693129848829512,0.00171001646384261,100,100
"outside.region.threshold.FALSE",5000,"CLOSEFORM-MINQUE-RIDGE",0.637635091698898,0.00281811232883413,100,100
"outside.region.threshold.TRUE",5000,"CLOSEFORM-MINQUE-RIDGE",0.613590288692046,0.00386316556184012,100,100
"rickercurve",5000,"CLOSEFORM-MINQUE-RIDGE",0.361804103358931,0.0164499670984997,100,100
"square",5000,"CLOSEFORM-MINQUE-RIDGE",0.634884342979788,0.0037681540607521,100,100
"within.region.threshold.FALSE",5000,"CLOSEFORM-MINQUE-RIDGE",0.658062506007187,0.00272146698962493,100,100
"within.region.threshold.TRUE",5000,"CLOSEFORM-MINQUE-RIDGE",0.645162364604294,0.0030390220649307,100,100
"cosh",500,"GMM",0.174675930077552,0.108806752684659,4,100
"hyperbola",500,"GMM",0.257725390013586,0.0261126210393162,15,100
"linear",500,"GMM",0.620900263681286,0.00859050621166957,99,100
"outside.region.threshold.FALSE",500,"GMM",0.286127890663238,0.0508366757151503,14,100
"outside.region.threshold.TRUE",500,"GMM",0.314122196819178,0.0279334966507085,28,100
"rickercurve",500,"GMM",0.0680583541307728,0.0705009680504115,5,100
"square",500,"GMM",0.229904259457469,0.0427071098897161,13,100
"within.region.threshold.FALSE",500,"GMM",0.309322017999552,0.0296083291922088,18,100
"within.region.threshold.TRUE",500,"GMM",0.30149259156126,0.0260195406295867,42,100
"cosh",1000,"GMM",0.254422008073139,0.0267731972664481,17,100
"hyperbola",1000,"GMM",0.230677306250867,0.0263584822212936,18,100
"linear",1000,"GMM",0.652719894083912,0.00480634159109499,100,100
"outside.region.threshold.FALSE",1000,"GMM",0.330916361862217,0.0313318930146573,14,100
"outside.region.threshold.TRUE",1000,"GMM",0.309656608061321,0.020570199400529,32,100
"rickercurve",1000,"GMM",0.230233889285611,0.0551586001079333,7,100
"square",1000,"GMM",0.24217892697633,0.0193617182941087,16,100
"within.region.threshold.FALSE",1000,"GMM",0.274544338738492,0.017841811831355,42,100
"within.region.threshold.TRUE",1000,"GMM",0.355164208629964,0.0173339803256689,51,100
"cosh",2000,"GMM",0.22953345537364,0.0183804736066209,26,100
"hyperbola",2000,"GMM",0.259373812992205,0.0157027302049773,40,100
"linear",2000,"GMM",0.674181069302142,0.00388962798342537,100,100
"outside.region.threshold.FALSE",2000,"GMM",0.263717236073039,0.0184336124277332,29,100
"outside.region.threshold.TRUE",2000,"GMM",0.30161547510233,0.0135449334282613,52,100
"rickercurve",2000,"GMM",0.244750444987561,0.0183322895129617,19,100
"square",2000,"GMM",0.242453665300449,0.0197838868971256,35,100
"within.region.threshold.FALSE",2000,"GMM",0.295250289717844,0.0130354226908556,53,100
"within.region.threshold.TRUE",2000,"GMM",0.33769194726009,0.0148658604792724,71,100
"cosh",3000,"GMM",0.248701193426284,0.00872481972058739,63,100
"hyperbola",3000,"GMM",0.27356612796883,0.0106380471542804,51,100
"linear",3000,"GMM",0.680751150129813,0.00333817735838685,100,100
"outside.region.threshold.FALSE",3000,"GMM",0.287768296026608,0.017323648891148,44,100
"outside.region.threshold.TRUE",3000,"GMM",0.290593730066538,0.0113348345325116,61,92
"rickercurve",3000,"GMM",0.223621114381203,0.0170634133792375,28,100
"square",3000,"GMM",0.245124041139156,0.0112785852818819,52,100
"within.region.threshold.FALSE",3000,"GMM",0.296310489270109,0.00991661051488436,77,100
"within.region.threshold.TRUE",3000,"GMM",0.349984122416089,0.0117533357295061,76,100
"cosh",5000,"GMM",0.249349867852151,0.0106606340193495,72,100
"hyperbola",5000,"GMM",0.256305619609873,0.00868241918861181,74,100
"linear",5000,"GMM",0.68892678766522,0.00268155799312967,100,100
"outside.region.threshold.FALSE",5000,"GMM",0.259653156249533,0.0129265769363863,53,100
"outside.region.threshold.TRUE",5000,"GMM",0.282160059538575,0.0108174349678384,81,100
"rickercurve",5000,"GMM",0.211791210029905,0.0120172149998902,31,100
"square",5000,"GMM",0.265930611041137,0.00962630943399985,76,100
"within.region.threshold.FALSE",5000,"GMM",0.308602892854034,0.00958307555911987,86,100
"within.region.threshold.TRUE",5000,"GMM",0.318631970050734,0.0114610750651523,92,100
"cosh",500,"LDpred2",0.143651145729956,0.0137704977122784,100,100
"hyperbola",500,"LDpred2",0.132081095218336,0.014386923358934,100,100
"linear",500,"LDpred2",0.619098302688994,0.00684698625618932,100,100
"outside.region.threshold.FALSE",500,"LDpred2",0.139199705979827,0.0171585157764944,100,100
"outside.region.threshold.TRUE",500,"LDpred2",0.187391817947354,0.0173832436742001,100,100
"rickercurve",500,"LDpred2",0.0615694775439689,0.0119254023392619,100,100
"square",500,"LDpred2",0.128866370429221,0.0138998460795185,100,100
"within.region.threshold.FALSE",500,"LDpred2",0.177208641513775,0.015344131123759,100,100
"within.region.threshold.TRUE",500,"LDpred2",0.277178143473817,0.0183555795140495,100,100
"cosh",1000,"LDpred2",0.183726687088851,0.0113502058815051,100,100
"hyperbola",1000,"LDpred2",0.160341652265091,0.0125081520663812,100,100
"linear",1000,"LDpred2",0.652380939966584,0.0040139304423167,100,100
"outside.region.threshold.FALSE",1000,"LDpred2",0.131402830320946,0.0151077696208561,100,100
"outside.region.threshold.TRUE",1000,"LDpred2",0.26785271782792,0.0141870698724496,100,100
"rickercurve",1000,"LDpred2",0.0917561729178517,0.0122726127541186,100,100
"square",1000,"LDpred2",0.190910517720021,0.0123143662706249,100,100
"within.region.threshold.FALSE",1000,"LDpred2",0.258081014533856,0.0121637192508434,100,100
"within.region.threshold.TRUE",1000,"LDpred2",0.339033846775464,0.012962024174379,100,100
"cosh",2000,"LDpred2",0.21739125080692,0.00965245929301359,100,100
"hyperbola",2000,"LDpred2",0.228966647643264,0.0112606940831779,100,100
"linear",2000,"LDpred2",0.67874774318862,0.00253701653668844,100,100
"outside.region.threshold.FALSE",2000,"LDpred2",0.184844751419387,0.0137007133330654,100,100
"outside.region.threshold.TRUE",2000,"LDpred2",0.296023196877194,0.0106365084531031,100,100
"rickercurve",2000,"LDpred2",0.139624563829451,0.0112732252054869,100,100
"square",2000,"LDpred2",0.202654856780507,0.0104194336729499,100,100
"within.region.threshold.FALSE",2000,"LDpred2",0.297093323651197,0.0117994690782943,100,100
"within.region.threshold.TRUE",2000,"LDpred2",0.364617789424675,0.0114670950424589,100,100
"cosh",3000,"LDpred2",0.263994093731499,0.00767333151390479,100,100
"hyperbola",3000,"LDpred2",0.259446432487493,0.00874149424584395,100,100
"linear",3000,"LDpred2",0.690195473640527,0.00191525153376805,100,100
"outside.region.threshold.FALSE",3000,"LDpred2",0.211739284797584,0.0140587137581272,100,100
"outside.region.threshold.TRUE",3000,"LDpred2",0.303876976946604,0.0099667976389234,92,92
"rickercurve",3000,"LDpred2",0.152138138232079,0.01151064721657,100,100
"square",3000,"LDpred2",0.236057151961215,0.00919763315287275,100,100
"within.region.threshold.FALSE",3000,"LDpred2",0.314475620285202,0.00920585771089949,100,100
"within.region.threshold.TRUE",3000,"LDpred2",0.369851380847924,0.0112748901092196,100,100
"cosh",5000,"LDpred2",0.270887093711767,0.00857247903933858,100,100
"hyperbola",5000,"LDpred2",0.268558754962627,0.00810581325924735,100,100
"linear",5000,"LDpred2",0.693955487000446,0.00181791837362804,100,100
"outside.region.threshold.FALSE",5000,"LDpred2",0.228647556644653,0.0121010021061204,100,100
"outside.region.threshold.TRUE",5000,"LDpred2",0.305903218922111,0.00917990177117972,100,100
"rickercurve",5000,"LDpred2",0.152076622703728,0.00905138048169645,100,100
"square",5000,"LDpred2",0.275816436045886,0.00882122352404945,100,100
"within.region.threshold.FALSE",5000,"LDpred2",0.327561741289,0.00934422791812989,100,100
"within.region.threshold.TRUE",5000,"LDpred2",0.354079831151467,0.0109001177251975,100,100
"cosh",500,"NUMERICAL-MINQUE-ELASTICNET",0.330232832087426,0.0168234203731587,99,100
"hyperbola",500,"NUMERICAL-MINQUE-ELASTICNET",0.326626599212505,0.0160006978237761,100,100
"linear",500,"NUMERICAL-MINQUE-ELASTICNET",0.638628990779752,0.00750463242079152,100,100
"outside.region.threshold.FALSE",500,"NUMERICAL-MINQUE-ELASTICNET",0.397255760510863,0.0156221052091693,100,100
"outside.region.threshold.TRUE",500,"NUMERICAL-MINQUE-ELASTICNET",0.377420550391068,0.015663998746263,99,100
"rickercurve",500,"NUMERICAL-MINQUE-ELASTICNET",0.166967458519875,0.0230699156662164,79,100
"square",500,"NUMERICAL-MINQUE-ELASTICNET",0.355503739968012,0.0155386119877296,98,100
"within.region.threshold.FALSE",500,"NUMERICAL-MINQUE-ELASTICNET",0.448837210298195,0.0125439431118808,100,100
"within.region.threshold.TRUE",500,"NUMERICAL-MINQUE-ELASTICNET",0.431957554145063,0.0167384807120475,99,100
"cosh",1000,"NUMERICAL-MINQUE-ELASTICNET",0.386243670703258,0.0135009664329039,100,100
"hyperbola",1000,"NUMERICAL-MINQUE-ELASTICNET",0.430038615393055,0.0109585645072546,100,100
"linear",1000,"NUMERICAL-MINQUE-ELASTICNET",0.667254119952771,0.00414553976416677,100,100
"outside.region.threshold.FALSE",1000,"NUMERICAL-MINQUE-ELASTICNET",0.474263557334908,0.0121297001409051,100,100
"outside.region.threshold.TRUE",1000,"NUMERICAL-MINQUE-ELASTICNET",0.427850665267226,0.0125943827719335,99,100
"rickercurve",1000,"NUMERICAL-MINQUE-ELASTICNET",0.21160095790452,0.0194225612075848,87,100
"square",1000,"NUMERICAL-MINQUE-ELASTICNET",0.414898912872274,0.012473297699719,100,100
"within.region.threshold.FALSE",1000,"NUMERICAL-MINQUE-ELASTICNET",0.501348827776193,0.0114450502972966,100,100
"within.region.threshold.TRUE",1000,"NUMERICAL-MINQUE-ELASTICNET",0.480385402210179,0.0128643257746343,100,100
"cosh",2000,"NUMERICAL-MINQUE-ELASTICNET",0.460842988426999,0.0115727059715172,100,100
"hyperbola",2000,"NUMERICAL-MINQUE-ELASTICNET",0.484114389318769,0.0104735095967438,100,100
"linear",2000,"NUMERICAL-MINQUE-ELASTICNET",0.685230658861685,0.00304114358664146,100,100
"outside.region.threshold.FALSE",2000,"NUMERICAL-MINQUE-ELASTICNET",0.516730313897697,0.00829651940284857,100,100
"outside.region.threshold.TRUE",2000,"NUMERICAL-MINQUE-ELASTICNET",0.467012221696738,0.0111249710666302,100,100
"rickercurve",2000,"NUMERICAL-MINQUE-ELASTICNET",0.26996420766,0.0178382977458261,92,100
"square",2000,"NUMERICAL-MINQUE-ELASTICNET",0.479898588828142,0.0105146208397833,100,100
"within.region.threshold.FALSE",2000,"NUMERICAL-MINQUE-ELASTICNET",0.558372690724255,0.00788765914611524,100,100
"within.region.threshold.TRUE",2000,"NUMERICAL-MINQUE-ELASTICNET",0.526594868085555,0.0106045467850822,100,100
"cosh",3000,"NUMERICAL-MINQUE-ELASTICNET",0.499807839032987,0.00844357103879311,100,100
"hyperbola",3000,"NUMERICAL-MINQUE-ELASTICNET",0.493483281219222,0.00915556221981891,100,100
"linear",3000,"NUMERICAL-MINQUE-ELASTICNET",0.692773663689681,0.00233921942103965,100,100
"outside.region.threshold.FALSE",3000,"NUMERICAL-MINQUE-ELASTICNET",0.53737165253681,0.00861355056174563,100,100
"outside.region.threshold.TRUE",3000,"NUMERICAL-MINQUE-ELASTICNET",0.5088853977835,0.00905566007739827,93,93
"rickercurve",3000,"NUMERICAL-MINQUE-ELASTICNET",0.316417271327589,0.0184032970228614,95,100
"square",3000,"NUMERICAL-MINQUE-ELASTICNET",0.507860632260726,0.00923563258616239,100,100
"within.region.threshold.FALSE",3000,"NUMERICAL-MINQUE-ELASTICNET",0.561748831462465,0.00889990018804364,100,100
"within.region.threshold.TRUE",3000,"NUMERICAL-MINQUE-ELASTICNET",0.538541765179429,0.00921004141072246,100,100
"cosh",5000,"NUMERICAL-MINQUE-ELASTICNET",0.50890930582502,0.00916269065249447,100,100
"hyperbola",5000,"NUMERICAL-MINQUE-ELASTICNET",0.51008398128952,0.00853461612528267,100,100
"linear",5000,"NUMERICAL-MINQUE-ELASTICNET",0.6961668674253,0.0018749419002184,100,100
"outside.region.threshold.FALSE",5000,"NUMERICAL-MINQUE-ELASTICNET",0.552865352997503,0.00763474206544413,100,100
"outside.region.threshold.TRUE",5000,"NUMERICAL-MINQUE-ELASTICNET",0.520761522690155,0.00981783775197916,100,100
"rickercurve",5000,"NUMERICAL-MINQUE-ELASTICNET",0.302138491796339,0.0163896420783717,95,100
"square",5000,"NUMERICAL-MINQUE-ELASTICNET",0.530874916252927,0.00965599890738949,100,100
"within.region.threshold.FALSE",5000,"NUMERICAL-MINQUE-ELASTICNET",0.587780014954646,0.00708855670730914,100,100
"within.region.threshold.TRUE",5000,"NUMERICAL-MINQUE-ELASTICNET",0.562370438933675,0.00835010555212762,100,100
"cosh",500,"NUMERICAL-MINQUE-LASSO",0.336150435726272,0.0173517877550462,89,100
"hyperbola",500,"NUMERICAL-MINQUE-LASSO",0.332888240144774,0.0157136209446451,97,100
"linear",500,"NUMERICAL-MINQUE-LASSO",0.634188606368885,0.00785856977227204,100,100
"outside.region.threshold.FALSE",500,"NUMERICAL-MINQUE-LASSO",0.401905587030112,0.0155103942849768,100,100
"outside.region.threshold.TRUE",500,"NUMERICAL-MINQUE-LASSO",0.375167511857573,0.0152896839356151,99,100
"rickercurve",500,"NUMERICAL-MINQUE-LASSO",0.169392569143825,0.0244887424034453,70,100
"square",500,"NUMERICAL-MINQUE-LASSO",0.351063749923954,0.0164307451952861,97,100
"within.region.threshold.FALSE",500,"NUMERICAL-MINQUE-LASSO",0.451459973288745,0.0118675918990753,99,100
"within.region.threshold.TRUE",500,"NUMERICAL-MINQUE-LASSO",0.429213533120857,0.0168009379197168,98,100
"cosh",1000,"NUMERICAL-MINQUE-LASSO",0.377420734549203,0.0131415254609511,98,100
"hyperbola",1000,"NUMERICAL-MINQUE-LASSO",0.424899301228789,0.0113648126918991,100,100
"linear",1000,"NUMERICAL-MINQUE-LASSO",0.665947129656171,0.00420916066824733,100,100
"outside.region.threshold.FALSE",1000,"NUMERICAL-MINQUE-LASSO",0.471325485088697,0.0118583653147388,100,100
"outside.region.threshold.TRUE",1000,"NUMERICAL-MINQUE-LASSO",0.411765725336568,0.0137386905830165,99,100
"rickercurve",1000,"NUMERICAL-MINQUE-LASSO",0.20747207443632,0.0211906758340374,77,100
"square",1000,"NUMERICAL-MINQUE-LASSO",0.404482830896352,0.0131650097364023,100,100
"within.region.threshold.FALSE",1000,"NUMERICAL-MINQUE-LASSO",0.499983281018537,0.0114724587065544,100,100
"within.region.threshold.TRUE",1000,"NUMERICAL-MINQUE-LASSO",0.477594091125335,0.0131768433496583,99,100
"cosh",2000,"NUMERICAL-MINQUE-LASSO",0.452557390215035,0.0119340344456848,100,100
"hyperbola",2000,"NUMERICAL-MINQUE-LASSO",0.47909834765227,0.010806257441191,100,100
"linear",2000,"NUMERICAL-MINQUE-LASSO",0.684692264816695,0.00309328263096285,100,100
"outside.region.threshold.FALSE",2000,"NUMERICAL-MINQUE-LASSO",0.514617736791073,0.00822069427956708,100,100
"outside.region.threshold.TRUE",2000,"NUMERICAL-MINQUE-LASSO",0.465105175451459,0.0107971312129335,99,100
"rickercurve",2000,"NUMERICAL-MINQUE-LASSO",0.26755486305951,0.0177732564454329,89,100
"square",2000,"NUMERICAL-MINQUE-LASSO",0.473682522742323,0.0109978769101613,100,100
"within.region.threshold.FALSE",2000,"NUMERICAL-MINQUE-LASSO",0.556032397328132,0.00808424446300354,100,100
"within.region.threshold.TRUE",2000,"NUMERICAL-MINQUE-LASSO",0.522175250832202,0.0109535496742866,100,100
"cosh",3000,"NUMERICAL-MINQUE-LASSO",0.49263858311465,0.00887605225258412,100,100
"hyperbola",3000,"NUMERICAL-MINQUE-LASSO",0.490113171432504,0.00927670429684036,100,100
"linear",3000,"NUMERICAL-MINQUE-LASSO",0.692429486097137,0.00236922642713585,100,100
"outside.region.threshold.FALSE",3000,"NUMERICAL-MINQUE-LASSO",0.534948605994844,0.00860002993714065,100,100
"outside.region.threshold.TRUE",3000,"NUMERICAL-MINQUE-LASSO",0.503692237793163,0.00945928454604725,93,93
"rickercurve",3000,"NUMERICAL-MINQUE-LASSO",0.326976399658569,0.0191735390117962,86,100
"square",3000,"NUMERICAL-MINQUE-LASSO",0.503051592905753,0.00936715608278633,100,100
"within.region.threshold.FALSE",3000,"NUMERICAL-MINQUE-LASSO",0.55984916708182,0.00896369580682493,100,100
"within.region.threshold.TRUE",3000,"NUMERICAL-MINQUE-LASSO",0.534557925229973,0.00941093203427242,100,100
"cosh",5000,"NUMERICAL-MINQUE-LASSO",0.503500707239158,0.00954318814817699,100,100
"hyperbola",5000,"NUMERICAL-MINQUE-LASSO",0.507380330941952,0.00866026926839458,100,100
"linear",5000,"NUMERICAL-MINQUE-LASSO",0.696069686321402,0.00188512730239434,100,100
"outside.region.threshold.FALSE",5000,"NUMERICAL-MINQUE-LASSO",0.553233146861454,0.00746080570309462,100,100
"outside.region.threshold.TRUE",5000,"NUMERICAL-MINQUE-LASSO",0.517669844779015,0.00997312257667212,100,100
"rickercurve",5000,"NUMERICAL-MINQUE-LASSO",0.303511228085234,0.0169795619792742,90,100
"square",5000,"NUMERICAL-MINQUE-LASSO",0.527031114357594,0.00981039195170047,100,100
"within.region.threshold.FALSE",5000,"NUMERICAL-MINQUE-LASSO",0.588021290777046,0.00701764494757329,100,100
"within.region.threshold.TRUE",5000,"NUMERICAL-MINQUE-LASSO",0.560332108468593,0.00847817162627231,100,100
"cosh",500,"hierNet",0.182345516032626,0.013911001935258,100,100
"hyperbola",500,"hierNet",0.193819523079178,0.0130738479064774,100,100
"linear",500,"hierNet",0.591580465958416,0.00755029646939229,100,100
"outside.region.threshold.FALSE",500,"hierNet",0.357071628032262,0.0137440940533197,100,100
"outside.region.threshold.TRUE",500,"hierNet",0.338435457358644,0.0142139575344525,100,100
"rickercurve",500,"hierNet",0.0850929372882083,0.0142192760965267,100,100
"square",500,"hierNet",0.194539607721417,0.01381490775808,100,100
"within.region.threshold.FALSE",500,"hierNet",0.379485997866643,0.0119638661007106,100,100
"within.region.threshold.TRUE",500,"hierNet",0.397126378800683,0.0134165841381284,100,100
"cosh",1000,"hierNet",0.3056168316698,0.0112038039521713,100,100
"hyperbola",1000,"hierNet",0.312402414859941,0.0101563052619509,100,100
"linear",1000,"hierNet",0.638907603655745,0.00431563485377099,100,100
"outside.region.threshold.FALSE",1000,"hierNet",0.517461312073013,0.0067763268071946,100,100
"outside.region.threshold.TRUE",1000,"hierNet",0.499715344728059,0.00892083306290247,100,100
"rickercurve",1000,"hierNet",0.143814929545005,0.0143322739112294,100,100
"square",1000,"hierNet",0.32751028056396,0.0120479040616755,100,100
"within.region.threshold.FALSE",1000,"hierNet",0.516784034195904,0.00769844856035589,100,100
"within.region.threshold.TRUE",1000,"hierNet",0.520408953118047,0.00815025307485294,100,100
"cosh",2000,"hierNet",0.439948780342129,0.00898144834347927,100,100
"hyperbola",2000,"hierNet",0.453424157018707,0.00920873911232136,100,100
"linear",2000,"hierNet",0.668385294877668,0.00280270813158181,100,100
"outside.region.threshold.FALSE",2000,"hierNet",0.605515497853077,0.00381062680149373,100,100
"outside.region.threshold.TRUE",2000,"hierNet",0.591479246383016,0.00500041072914291,100,100
"rickercurve",2000,"hierNet",0.232217322666271,0.0162915748759755,100,100
"square",2000,"hierNet",0.447339639706617,0.00792283798706455,100,100
"within.region.threshold.FALSE",2000,"hierNet",0.615849005785915,0.00423646361984164,100,100
"within.region.threshold.TRUE",2000,"hierNet",0.597030596484961,0.00589820349766959,100,100
"cosh",3000,"hierNet",0.499197853521378,0.0076020259308151,100,100
"hyperbola",3000,"hierNet",0.490171709244467,0.00638618838630406,100,100
"linear",3000,"hierNet",0.677339229497922,0.00207490396696962,100,100
"outside.region.threshold.FALSE",3000,"hierNet",0.639903011839995,0.0032791186322803,100,100
"outside.region.threshold.TRUE",3000,"hierNet",0.622660545844869,0.00386409209762329,92,92
"rickercurve",3000,"hierNet",0.294801858502052,0.0177824409826701,100,100
"square",3000,"hierNet",0.503769983759154,0.00691334135637455,100,100
"within.region.threshold.FALSE",3000,"hierNet",0.638898599875886,0.00322506551590097,100,100
"within.region.threshold.TRUE",3000,"hierNet",0.612844424631912,0.00466128896178931,100,100
"cosh",5000,"hierNet",0.530738251277574,0.00639137046130259,100,100
"hyperbola",5000,"hierNet",0.522696693305442,0.00599229169684465,100,100
"linear",5000,"hierNet",0.680340739512066,0.00193213961806363,100,100
"outside.region.threshold.FALSE",5000,"hierNet",0.657582739370291,0.00278344509749926,100,100
"outside.region.threshold.TRUE",5000,"hierNet",0.636109229274273,0.00351402044390112,100,100
"rickercurve",5000,"hierNet",0.312513695062652,0.0158852263191527,100,100
"square",5000,"hierNet",0.53626087987095,0.00624635336170796,100,100
"within.region.threshold.FALSE",5000,"hierNet",0.659362104371333,0.00308270886586309,100,100
"within.region.threshold.TRUE",5000,"hierNet",0.633914376448184,0.00363979962508381,100,100
