"scen","x","Method","mean","se","usable","n"
"cosh",0.25,"BLUP",0.215585564957526,0.0140928344123443,1,100
"hyperbola",0.25,"BLUP",0.220640770923148,0.0142102514266164,1,100
"linear",0.25,"BLUP",0.641382477879861,0.0050547901673635,1,100
"outside.region.threshold.FALSE",0.25,"BLUP",0.0701623372336522,0.0120386365731559,1,100
"outside.region.threshold.TRUE",0.25,"BLUP",0.149756233926509,0.0142430796070442,1,100
"rickercurve",0.25,"BLUP",0.138889468889016,0.0126823454357079,1,100
"square",0.25,"BLUP",0.224755973523701,0.0131708618109508,1,100
"within.region.threshold.FALSE",0.25,"BLUP",0.13363033131867,0.0145863490313778,1,100
"within.region.threshold.TRUE",0.25,"BLUP",0.160982871626698,0.0133773765804299,1,100
"cosh",0.5,"BLUP",0.180660321307653,0.0115437568072818,1,100
"hyperbola",0.5,"BLUP",0.182139066767599,0.0125990688182427,1,100
"linear",0.5,"BLUP",0.651449184438653,0.00410515755832573,1,100
"outside.region.threshold.FALSE",0.5,"BLUP",0.0907838295143431,0.0137635423725875,1,100
"outside.region.threshold.TRUE",0.5,"BLUP",0.180028058464362,0.0117971814439505,1,100
"rickercurve",0.5,"BLUP",0.127532199413381,0.0107543249708324,1,100
"square",0.5,"BLUP",0.185546273203845,0.0120222035574113,1,100
"within.region.threshold.FALSE",0.5,"BLUP",0.192406390911556,0.0116787565060977,1,100
"within.region.threshold.TRUE",0.5,"BLUP",0.250023477301939,0.0145086683601003,1,100
"cosh",0.75,"BLUP",0.146950210628912,0.00980253999693027,1,100
"hyperbola",0.75,"BLUP",0.147296006778325,0.0100418853174034,1,100
"linear",0.75,"BLUP",0.644617828268505,0.00411270535891258,1,100
"outside.region.threshold.FALSE",0.75,"BLUP",0.109702183646323,0.0133651670306049,1,100
"outside.region.threshold.TRUE",0.75,"BLUP",0.18604728384229,0.0124598346762382,1,100
"rickercurve",0.75,"BLUP",0.0960931020539791,0.00918206217717005,1,100
"square",0.75,"BLUP",0.141624391452583,0.0101653927835221,1,100
"within.region.threshold.FALSE",0.75,"BLUP",0.198047283115085,0.0121732652034206,1,100
"within.region.threshold.TRUE",0.75,"BLUP",0.21101982986305,0.0135839631633443,1,100
"cosh",1,"BLUP",0.134453388564763,0.00970470473315588,1,100
"hyperbola",1,"BLUP",0.14791729014315,0.0112624431105238,1,100
"linear",1,"BLUP",0.645100398393333,0.00416430527429859,1,100
"outside.region.threshold.FALSE",1,"BLUP",0.0899860199372178,0.0123840821714325,1,100
"outside.region.threshold.TRUE",1,"BLUP",0.187069028297862,0.0105822180501536,1,100
"rickercurve",1,"BLUP",0.0889527290906522,0.0110132478247924,1,100
"square",1,"BLUP",0.148827078635436,0.00976371427933291,1,100
"within.region.threshold.FALSE",1,"BLUP",0.197147050626312,0.0110310557911645,1,100
"within.region.threshold.TRUE",1,"BLUP",0.231903161232647,0.013388492717987,1,100
"cosh",0.25,"CLOSEFORM-MINQUE-RIDGE",0.492242444159584,0.0106249474977667,1,100
"hyperbola",0.25,"CLOSEFORM-MINQUE-RIDGE",0.519964920460143,0.00742449497944526,1,100
"linear",0.25,"CLOSEFORM-MINQUE-RIDGE",0.664255598402746,0.00446018052122075,1,100
"outside.region.threshold.FALSE",0.25,"CLOSEFORM-MINQUE-RIDGE",0.458741366264019,0.0175296843639862,1,100
"outside.region.threshold.TRUE",0.25,"CLOSEFORM-MINQUE-RIDGE",0.403370589130656,0.0197161064922338,1,100
"rickercurve",0.25,"CLOSEFORM-MINQUE-RIDGE",0.327529120818925,0.0188157873412719,1,100
"square",0.25,"CLOSEFORM-MINQUE-RIDGE",0.525415538364498,0.0102858830057,1,100
"within.region.threshold.FALSE",0.25,"CLOSEFORM-MINQUE-RIDGE",0.487043162891396,0.0164745466014512,1,100
"within.region.threshold.TRUE",0.25,"CLOSEFORM-MINQUE-RIDGE",0.466690386285784,0.0177413424686177,1,100
"cosh",0.5,"CLOSEFORM-MINQUE-RIDGE",0.489631470994349,0.0106108813203941,1,100
"hyperbola",0.5,"CLOSEFORM-MINQUE-RIDGE",0.504701109158821,0.0083643223091872,1,100
"linear",0.5,"CLOSEFORM-MINQUE-RIDGE",0.676077421689305,0.00358182427867157,1,100
"outside.region.threshold.FALSE",0.5,"CLOSEFORM-MINQUE-RIDGE",0.500472420691559,0.0121067701788048,1,100
"outside.region.threshold.TRUE",0.5,"CLOSEFORM-MINQUE-RIDGE",0.476886837898129,0.0119484596493804,1,100
"rickercurve",0.5,"CLOSEFORM-MINQUE-RIDGE",0.281395696303415,0.0178491536470479,1,100
"square",0.5,"CLOSEFORM-MINQUE-RIDGE",0.504048419545089,0.0113529080424606,1,100
"within.region.threshold.FALSE",0.5,"CLOSEFORM-MINQUE-RIDGE",0.552381381485396,0.00864790434129397,1,100
"within.region.threshold.TRUE",0.5,"CLOSEFORM-MINQUE-RIDGE",0.533206903974508,0.0118922544628631,1,100
"cosh",0.75,"CLOSEFORM-MINQUE-RIDGE",0.486801785026454,0.010237349039873,1,100
"hyperbola",0.75,"CLOSEFORM-MINQUE-RIDGE",0.498405938002798,0.0090157639376345,1,100
"linear",0.75,"CLOSEFORM-MINQUE-RIDGE",0.670835244210039,0.00312751441469333,1,100
"outside.region.threshold.FALSE",0.75,"CLOSEFORM-MINQUE-RIDGE",0.517587488911398,0.0100972786159459,1,100
"outside.region.threshold.TRUE",0.75,"CLOSEFORM-MINQUE-RIDGE",0.488664036175377,0.0108458070205525,1,100
"rickercurve",0.75,"CLOSEFORM-MINQUE-RIDGE",0.279778184700353,0.0185361425221792,1,100
"square",0.75,"CLOSEFORM-MINQUE-RIDGE",0.501953078808713,0.0109924323229645,1,100
"within.region.threshold.FALSE",0.75,"CLOSEFORM-MINQUE-RIDGE",0.561063697941462,0.010260841553988,1,100
"within.region.threshold.TRUE",0.75,"CLOSEFORM-MINQUE-RIDGE",0.518302545762121,0.0106150059958302,1,100
"cosh",1,"CLOSEFORM-MINQUE-RIDGE",0.486554661478826,0.0105217494853711,1,100
"hyperbola",1,"CLOSEFORM-MINQUE-RIDGE",0.504045248779087,0.0104424286150285,1,100
"linear",1,"CLOSEFORM-MINQUE-RIDGE",0.670603763980067,0.00384348919015345,1,100
"outside.region.threshold.FALSE",1,"CLOSEFORM-MINQUE-RIDGE",0.502889319654625,0.00936980560029738,1,100
"outside.region.threshold.TRUE",1,"CLOSEFORM-MINQUE-RIDGE",0.487357747130483,0.00927985139370424,1,100
"rickercurve",1,"CLOSEFORM-MINQUE-RIDGE",0.236796987036155,0.0209204206126817,1,100
"square",1,"CLOSEFORM-MINQUE-RIDGE",0.516319426038383,0.00984059538578795,1,100
"within.region.threshold.FALSE",1,"CLOSEFORM-MINQUE-RIDGE",0.57790758680018,0.00593339871272942,1,100
"within.region.threshold.TRUE",1,"CLOSEFORM-MINQUE-RIDGE",0.542146686780597,0.0107611814612305,1,100
"cosh",0.25,"GMM",0.313344579114961,0.0217932921901237,0.39,100
"hyperbola",0.25,"GMM",0.301056328783391,0.0187181234548027,0.47,100
"linear",0.25,"GMM",0.642843776098852,0.00606158683576319,1,100
"outside.region.threshold.FALSE",0.25,"GMM",0.341071487679785,0.0530354513121656,0.1,100
"outside.region.threshold.TRUE",0.25,"GMM",0.319551868247757,0.0367806433728993,0.16,100
"rickercurve",0.25,"GMM",0.290381138503583,0.0208004169250778,0.23,100
"square",0.25,"GMM",0.331146185138029,0.0185308810129206,0.45,100
"within.region.threshold.FALSE",0.25,"GMM",0.319912103919274,0.0314268412372043,0.19,100
"within.region.threshold.TRUE",0.25,"GMM",0.289528452978266,0.0244186937466983,0.28,100
"cosh",0.5,"GMM",0.318582775765861,0.0235788754308117,0.21,100
"hyperbola",0.5,"GMM",0.300118570978329,0.0188769209812696,0.42,100
"linear",0.5,"GMM",0.658926030661219,0.00467686555419078,1,100
"outside.region.threshold.FALSE",0.5,"GMM",0.304908495860806,0.0314645607212556,0.19,100
"outside.region.threshold.TRUE",0.5,"GMM",0.298542309077257,0.0238504144623552,0.26,100
"rickercurve",0.5,"GMM",0.262338221801808,0.023131865656751,0.15,100
"square",0.5,"GMM",0.278667925795564,0.0235377306580123,0.3,100
"within.region.threshold.FALSE",0.5,"GMM",0.305860509264864,0.0150007320825285,0.39,100
"within.region.threshold.TRUE",0.5,"GMM",0.336951944800888,0.0196778816025958,0.52,100
"cosh",0.75,"GMM",0.238286915027189,0.0206347339691781,0.26,100
"hyperbola",0.75,"GMM",0.23433156722349,0.0212946158858174,0.21,100
"linear",0.75,"GMM",0.656129700032015,0.00435432538740418,1,100
"outside.region.threshold.FALSE",0.75,"GMM",0.292262337898231,0.0253384349686007,0.18,100
"outside.region.threshold.TRUE",0.75,"GMM",0.286697139183647,0.023709301007622,0.35,100
"rickercurve",0.75,"GMM",0.190784396457667,0.0284628247962019,0.12,100
"square",0.75,"GMM",0.242624240150202,0.0291435318019234,0.23,100
"within.region.threshold.FALSE",0.75,"GMM",0.283147480574106,0.0209212008467819,0.34,100
"within.region.threshold.TRUE",0.75,"GMM",0.336182088407966,0.0198114432139288,0.39,100
"cosh",1,"GMM",0.252995654708789,0.0214635295684278,0.18,100
"hyperbola",1,"GMM",0.256794148754125,0.0190213717479422,0.3,100
"linear",1,"GMM",0.656573457111948,0.00466431509448997,1,100
"outside.region.threshold.FALSE",1,"GMM",0.290008463243447,0.0291794608606459,0.17,100
"outside.region.threshold.TRUE",1,"GMM",0.285997302145987,0.0198969241519825,0.32,100
"rickercurve",1,"GMM",0.290977989492739,0.0217442553262592,0.13,100
"square",1,"GMM",0.24352728921617,0.0227131040732948,0.25,100
"within.region.threshold.FALSE",1,"GMM",0.268332629286957,0.0196442861838604,0.41,100
"within.region.threshold.TRUE",1,"GMM",0.342236731330266,0.0148435313378588,0.45,100
"cosh",0.25,"LDpred2",0.309521431411761,0.0162371671178012,1,100
"hyperbola",0.25,"LDpred2",0.29798916543701,0.0171187871232623,1,100
"linear",0.25,"LDpred2",0.68825876232197,0.00420523965435438,1,100
"outside.region.threshold.FALSE",0.25,"LDpred2",0.112645132347923,0.0161737281171772,1,100
"outside.region.threshold.TRUE",0.25,"LDpred2",0.247426391013358,0.0172140905095102,1,100
"rickercurve",0.25,"LDpred2",0.192207257940692,0.0171367620287593,1,100
"square",0.25,"LDpred2",0.310427541892954,0.0155390734569333,1,100
"within.region.threshold.FALSE",0.25,"LDpred2",0.218849994848371,0.018432811411942,1,100
"within.region.threshold.TRUE",0.25,"LDpred2",0.244860979915426,0.01732393410434,1,100
"cosh",0.5,"LDpred2",0.257226469171331,0.0146456147762609,1,100
"hyperbola",0.5,"LDpred2",0.254164238428818,0.0164755814222084,1,100
"linear",0.5,"LDpred2",0.680747000651598,0.00384391795571443,1,100
"outside.region.threshold.FALSE",0.5,"LDpred2",0.140854677424597,0.0166574891659109,1,100
"outside.region.threshold.TRUE",0.5,"LDpred2",0.27095750701214,0.0148339328399847,1,100
"rickercurve",0.5,"LDpred2",0.164874018215954,0.0140982790902998,1,100
"square",0.5,"LDpred2",0.264808608323652,0.0149167581016101,1,100
"within.region.threshold.FALSE",0.5,"LDpred2",0.262645173455517,0.0140876607326859,1,100
"within.region.threshold.TRUE",0.5,"LDpred2",0.327365266013267,0.0159449600554036,1,100
"cosh",0.75,"LDpred2",0.20203793756597,0.0125175628670676,1,100
"hyperbola",0.75,"LDpred2",0.195813558071412,0.0122930608854819,1,100
"linear",0.75,"LDpred2",0.665400212650728,0.00347763418384092,1,100
"outside.region.threshold.FALSE",0.75,"LDpred2",0.153584704643986,0.0161879630061073,1,100
"outside.region.threshold.TRUE",0.75,"LDpred2",0.262932736626716,0.0144382499441304,1,100
"rickercurve",0.75,"LDpred2",0.125603687054857,0.010500962157297,1,100
"square",0.75,"LDpred2",0.20410006440618,0.0131311571876015,1,100
"within.region.threshold.FALSE",0.75,"LDpred2",0.269721236696315,0.0151651755151626,1,100
"within.region.threshold.TRUE",0.75,"LDpred2",0.289521562266992,0.0158462764533687,1,100
"cosh",1,"LDpred2",0.178048354983213,0.0124702159317251,1,100
"hyperbola",1,"LDpred2",0.193134502914141,0.0130052210400135,1,100
"linear",1,"LDpred2",0.65796362354082,0.00410024417892801,1,100
"outside.region.threshold.FALSE",1,"LDpred2",0.127337520219062,0.0145771567853224,1,100
"outside.region.threshold.TRUE",1,"LDpred2",0.239658314385742,0.013193281502589,1,100
"rickercurve",1,"LDpred2",0.114237514860902,0.0131934381155385,1,100
"square",1,"LDpred2",0.212025582370886,0.0121581748235219,1,100
"within.region.threshold.FALSE",1,"LDpred2",0.258599595846622,0.012552552572068,1,100
"within.region.threshold.TRUE",1,"LDpred2",0.311595986908767,0.0144954841121818,1,100
"cosh",0.25,"NUMERICAL-MINQUE-ELASTICNET",0.413129803523711,0.0144065787049048,0.98,100
"hyperbola",0.25,"NUMERICAL-MINQUE-ELASTICNET",0.430744581858603,0.011377181374216,1,100
"linear",0.25,"NUMERICAL-MINQUE-ELASTICNET",0.660479228836948,0.005387667089974,1,100
"outside.region.threshold.FALSE",0.25,"NUMERICAL-MINQUE-ELASTICNET",0.423749882045746,0.0182016712566506,0.95,100
"outside.region.threshold.TRUE",0.25,"NUMERICAL-MINQUE-ELASTICNET",0.34868809702314,0.0208120471654675,0.9,100
"rickercurve",0.25,"NUMERICAL-MINQUE-ELASTICNET",0.310419432658344,0.0203280933215478,0.9,100
"square",0.25,"NUMERICAL-MINQUE-ELASTICNET",0.435699051883373,0.014137683209138,0.99,100
"within.region.threshold.FALSE",0.25,"NUMERICAL-MINQUE-ELASTICNET",0.406723204885753,0.0197393783293811,0.99,100
"within.region.threshold.TRUE",0.25,"NUMERICAL-MINQUE-ELASTICNET",0.391565739874313,0.0200749379956323,0.95,100
"cosh",0.5,"NUMERICAL-MINQUE-ELASTICNET",0.393357188980459,0.0141441457780245,0.99,100
"hyperbola",0.5,"NUMERICAL-MINQUE-ELASTICNET",0.413738580070343,0.0111688844166159,1,100
"linear",0.5,"NUMERICAL-MINQUE-ELASTICNET",0.675162239119628,0.00403981409731923,1,100
"outside.region.threshold.FALSE",0.5,"NUMERICAL-MINQUE-ELASTICNET",0.429189773880965,0.0156814466990066,0.99,100
"outside.region.threshold.TRUE",0.5,"NUMERICAL-MINQUE-ELASTICNET",0.400969941430975,0.0144850389991219,0.97,100
"rickercurve",0.5,"NUMERICAL-MINQUE-ELASTICNET",0.247314268188448,0.0185158207085455,0.93,100
"square",0.5,"NUMERICAL-MINQUE-ELASTICNET",0.406791370381449,0.014029813831577,1,100
"within.region.threshold.FALSE",0.5,"NUMERICAL-MINQUE-ELASTICNET",0.485837476967538,0.0118072051231836,1,100
"within.region.threshold.TRUE",0.5,"NUMERICAL-MINQUE-ELASTICNET",0.456999737359152,0.0148219928249142,1,100
"cosh",0.75,"NUMERICAL-MINQUE-ELASTICNET",0.398390417404062,0.0137174895627627,0.99,100
"hyperbola",0.75,"NUMERICAL-MINQUE-ELASTICNET",0.398653099078652,0.0130680372767491,1,100
"linear",0.75,"NUMERICAL-MINQUE-ELASTICNET",0.670485011836119,0.00371929806041537,1,100
"outside.region.threshold.FALSE",0.75,"NUMERICAL-MINQUE-ELASTICNET",0.453476217669578,0.0116190099593179,1,100
"outside.region.threshold.TRUE",0.75,"NUMERICAL-MINQUE-ELASTICNET",0.405306204170126,0.014501913685762,1,100
"rickercurve",0.75,"NUMERICAL-MINQUE-ELASTICNET",0.259013288433615,0.0180506602899695,0.92,100
"square",0.75,"NUMERICAL-MINQUE-ELASTICNET",0.405727910866623,0.0151163172135749,1,100
"within.region.threshold.FALSE",0.75,"NUMERICAL-MINQUE-ELASTICNET",0.495423607280425,0.013674764084285,1,100
"within.region.threshold.TRUE",0.75,"NUMERICAL-MINQUE-ELASTICNET",0.437270619479635,0.0162154389104989,1,100
"cosh",1,"NUMERICAL-MINQUE-ELASTICNET",0.408096590050577,0.0121494892126913,1,100
"hyperbola",1,"NUMERICAL-MINQUE-ELASTICNET",0.417418052609414,0.0131749344445361,1,100
"linear",1,"NUMERICAL-MINQUE-ELASTICNET",0.670500780429547,0.00420597851591104,1,100
"outside.region.threshold.FALSE",1,"NUMERICAL-MINQUE-ELASTICNET",0.439083852951604,0.0121263997686054,1,100
"outside.region.threshold.TRUE",1,"NUMERICAL-MINQUE-ELASTICNET",0.417308794588082,0.0118328335672384,1,100
"rickercurve",1,"NUMERICAL-MINQUE-ELASTICNET",0.239414085847841,0.0218464292314238,0.86,100
"square",1,"NUMERICAL-MINQUE-ELASTICNET",0.427225171532646,0.012558628252673,1,100
"within.region.threshold.FALSE",1,"NUMERICAL-MINQUE-ELASTICNET",0.521734584536582,0.00897046201588057,1,100
"within.region.threshold.TRUE",1,"NUMERICAL-MINQUE-ELASTICNET",0.469837053034119,0.0150823552335179,0.99,100
"cosh",0.25,"NUMERICAL-MINQUE-LASSO",0.404817487250061,0.0149564557937795,0.95,100
"hyperbola",0.25,"NUMERICAL-MINQUE-LASSO",0.418756510671597,0.0121952836403083,1,100
"linear",0.25,"NUMERICAL-MINQUE-LASSO",0.658436980604536,0.00552910881029619,1,100
"outside.region.threshold.FALSE",0.25,"NUMERICAL-MINQUE-LASSO",0.427488070555878,0.0180836447374337,0.94,100
"outside.region.threshold.TRUE",0.25,"NUMERICAL-MINQUE-LASSO",0.355082007315729,0.0207046858344574,0.86,100
"rickercurve",0.25,"NUMERICAL-MINQUE-LASSO",0.306901225580827,0.0210448601144767,0.86,100
"square",0.25,"NUMERICAL-MINQUE-LASSO",0.433041787007693,0.0141582988084425,0.97,100
"within.region.threshold.FALSE",0.25,"NUMERICAL-MINQUE-LASSO",0.413560544399913,0.0200900569705222,0.95,100
"within.region.threshold.TRUE",0.25,"NUMERICAL-MINQUE-LASSO",0.391896553129599,0.0202337635053172,0.96,100
"cosh",0.5,"NUMERICAL-MINQUE-LASSO",0.388133705937517,0.0147773118983696,0.95,100
"hyperbola",0.5,"NUMERICAL-MINQUE-LASSO",0.407734347416681,0.0113038541158091,1,100
"linear",0.5,"NUMERICAL-MINQUE-LASSO",0.672924574536287,0.00417221175585519,1,100
"outside.region.threshold.FALSE",0.5,"NUMERICAL-MINQUE-LASSO",0.421878820289664,0.0164516444375465,1,100
"outside.region.threshold.TRUE",0.5,"NUMERICAL-MINQUE-LASSO",0.393168940831978,0.0153792549485435,0.95,100
"rickercurve",0.5,"NUMERICAL-MINQUE-LASSO",0.238456242930776,0.0196593474883332,0.88,100
"square",0.5,"NUMERICAL-MINQUE-LASSO",0.395202537246465,0.0145853419132992,1,100
"within.region.threshold.FALSE",0.5,"NUMERICAL-MINQUE-LASSO",0.48913061462426,0.0109655977257933,0.98,100
"within.region.threshold.TRUE",0.5,"NUMERICAL-MINQUE-LASSO",0.454033561036007,0.0150272163805569,0.99,100
"cosh",0.75,"NUMERICAL-MINQUE-LASSO",0.389269764134817,0.0147734136553771,0.96,100
"hyperbola",0.75,"NUMERICAL-MINQUE-LASSO",0.392361133446097,0.0132495055572129,1,100
"linear",0.75,"NUMERICAL-MINQUE-LASSO",0.668835479930912,0.00379757302840529,1,100
"outside.region.threshold.FALSE",0.75,"NUMERICAL-MINQUE-LASSO",0.451786057493754,0.0116238205279049,0.99,100
"outside.region.threshold.TRUE",0.75,"NUMERICAL-MINQUE-LASSO",0.395507487042156,0.0151221685510125,0.98,100
"rickercurve",0.75,"NUMERICAL-MINQUE-LASSO",0.259694410693446,0.0176929697218634,0.87,100
"square",0.75,"NUMERICAL-MINQUE-LASSO",0.400428913348793,0.0153098700828904,0.98,100
"within.region.threshold.FALSE",0.75,"NUMERICAL-MINQUE-LASSO",0.494096925503601,0.0132802204987969,1,100
"within.region.threshold.TRUE",0.75,"NUMERICAL-MINQUE-LASSO",0.435420645788164,0.0162603185774345,0.99,100
"cosh",1,"NUMERICAL-MINQUE-LASSO",0.406771040029522,0.0118071832087635,0.98,100
"hyperbola",1,"NUMERICAL-MINQUE-LASSO",0.413747423647539,0.0134045399467582,1,100
"linear",1,"NUMERICAL-MINQUE-LASSO",0.66887833216522,0.00429841282939455,1,100
"outside.region.threshold.FALSE",1,"NUMERICAL-MINQUE-LASSO",0.436672040418075,0.0120594666447851,1,100
"outside.region.threshold.TRUE",1,"NUMERICAL-MINQUE-LASSO",0.410521862014911,0.0118028255570668,1,100
"rickercurve",1,"NUMERICAL-MINQUE-LASSO",0.231752855692679,0.0225461175894119,0.82,100
"square",1,"NUMERICAL-MINQUE-LASSO",0.414548627710027,0.0132721621618074,1,100
"within.region.threshold.FALSE",1,"NUMERICAL-MINQUE-LASSO",0.519409182756505,0.00908849000297506,1,100
"within.region.threshold.TRUE",1,"NUMERICAL-MINQUE-LASSO",0.463759592371328,0.0153288988861476,1,100
"cosh",0.25,"hierNet",0.477206124692235,0.0112144286472412,1,100
"hyperbola",0.25,"hierNet",0.490922770330724,0.00885235550910801,1,100
"linear",0.25,"hierNet",0.670296514249495,0.00426535177225451,1,100
"outside.region.threshold.FALSE",0.25,"hierNet",0.561488010228283,0.0101072925527147,1,100
"outside.region.threshold.TRUE",0.25,"hierNet",0.531277856548992,0.0146444373502317,1,100
"rickercurve",0.25,"hierNet",0.333820585820319,0.0178150533151991,1,100
"square",0.25,"hierNet",0.509075529284651,0.00957498929386582,1,100
"within.region.threshold.FALSE",0.25,"hierNet",0.557356987119616,0.0122229116109,1,100
"within.region.threshold.TRUE",0.25,"hierNet",0.537315267135385,0.0156547300599382,1,100
"cosh",0.5,"hierNet",0.394430723311119,0.0118715402708744,1,100
"hyperbola",0.5,"hierNet",0.403815828527718,0.010056875354506,1,100
"linear",0.5,"hierNet",0.664909705295972,0.00423419019314937,1,100
"outside.region.threshold.FALSE",0.5,"hierNet",0.553379707100555,0.00759144754488312,1,100
"outside.region.threshold.TRUE",0.5,"hierNet",0.532056116442754,0.00970490759065815,1,100
"rickercurve",0.5,"hierNet",0.232361520598491,0.0164878623749213,1,100
"square",0.5,"hierNet",0.407247523950276,0.0110061559522554,1,100
"within.region.threshold.FALSE",0.5,"hierNet",0.558845676882094,0.00731989679283796,1,100
"within.region.threshold.TRUE",0.5,"hierNet",0.535044231457527,0.00969401795585722,1,100
"cosh",0.75,"hierNet",0.340484610889041,0.0118057061096091,1,100
"hyperbola",0.75,"hierNet",0.329607932029265,0.0110421089491025,1,100
"linear",0.75,"hierNet",0.650674372827694,0.00382033107467477,1,100
"outside.region.threshold.FALSE",0.75,"hierNet",0.527103034301508,0.00756335725731572,1,100
"outside.region.threshold.TRUE",0.75,"hierNet",0.51238089849019,0.00922227495721443,1,100
"rickercurve",0.75,"hierNet",0.169647699090544,0.0147224822017725,1,100
"square",0.75,"hierNet",0.353022965850821,0.0115401021010153,1,100
"within.region.threshold.FALSE",0.75,"hierNet",0.557183650826531,0.00748500141276467,1,100
"within.region.threshold.TRUE",0.75,"hierNet",0.50373718164443,0.00987544282977665,1,100
"cosh",1,"hierNet",0.28691615006269,0.0119070469385638,1,100
"hyperbola",1,"hierNet",0.323854408943919,0.0113107301083092,1,100
"linear",1,"hierNet",0.642625101626284,0.00418462266092447,1,100
"outside.region.threshold.FALSE",1,"hierNet",0.500399704104186,0.00659403249584202,1,100
"outside.region.threshold.TRUE",1,"hierNet",0.477339897332717,0.00868001714028247,1,100
"rickercurve",1,"hierNet",0.166204862955576,0.0164443247492292,1,100
"square",1,"hierNet",0.349286763871907,0.0111061030286458,1,100
"within.region.threshold.FALSE",1,"hierNet",0.531368726513065,0.00595947734957299,1,100
"within.region.threshold.TRUE",1,"hierNet",0.513553207398233,0.00945898941039643,1,100
